#Freq.,V(lc_filter),V(cap_mult),1/I(V4)+54,1/I(V3)+25
1.00000000000000e-01,-5.61354832840349e-01,-8.71129394798700e-01,9.80519366222872e-01,6.05369559401334e+00
1.02329299228075e-01,-5.61302494630793e-01,-8.71736452927434e-01,9.80572847580251e-01,6.05299078814680e+00
1.04712854805090e-01,-5.61247706149861e-01,-8.72372029884343e-01,9.80628832768960e-01,6.05225288855977e+00
1.07151930523761e-01,-5.61190353489180e-01,-8.73037460975097e-01,9.80687438185609e-01,6.05148034738992e+00
1.09647819614319e-01,-5.61130317522441e-01,-8.73734143598380e-01,9.80748785575955e-01,6.05067154495886e+00
1.12201845430196e-01,-5.61067473673240e-01,-8.74463540090250e-01,9.80813002229304e-01,6.04982478649348e+00
1.14815362149688e-01,-5.61001691674672e-01,-8.75227180696118e-01,9.80880221280321e-01,6.04893829870846e+00
1.17489755493953e-01,-5.60932835317639e-01,-8.76026666676500e-01,9.80950581913553e-01,6.04801022623210e+00
1.20226443461741e-01,-5.60860762189864e-01,-8.76863673545622e-01,9.81024229666303e-01,6.04703862788395e+00
1.23026877081238e-01,-5.60785323403956e-01,-8.77739954459573e-01,9.81101316680927e-01,6.04602147278163e+00
1.25892541179417e-01,-5.60706363315022e-01,-8.78657343744264e-01,9.81182002025022e-01,6.04495663628786e+00
1.28824955169313e-01,-5.60623719226327e-01,-8.79617760585590e-01,9.81266451955090e-01,6.04384189577095e+00
1.31825673855641e-01,-5.60537221084173e-01,-8.80623212874585e-01,9.81354840255195e-01,6.04267492620423e+00
1.34896288259165e-01,-5.60446691160553e-01,-8.81675801224078e-01,9.81447348549881e-01,6.04145329554761e+00
1.38038426460288e-01,-5.60351943723738e-01,-8.82777723153526e-01,9.81544166646987e-01,6.04017445996266e+00
1.41253754462275e-01,-5.60252784696103e-01,-8.83931277460769e-01,9.81645492885523e-01,6.03883575880127e+00
1.44543977074593e-01,-5.60149011299440e-01,-8.85138868774183e-01,9.81751534492786e-01,6.03743440939496e+00
1.47910838816821e-01,-5.60040411686786e-01,-8.86403012302143e-01,9.81862507961955e-01,6.03596750163387e+00
1.51356124843621e-01,-5.59926764561629e-01,-8.87726338784752e-01,9.81978639456815e-01,6.03443199229797e+00
1.54881661891248e-01,-5.59807838782263e-01,-8.89111599652010e-01,9.82100165193408e-01,6.03282469917366e+00
1.58489319246111e-01,-5.59683392953275e-01,-8.90561672396569e-01,9.82227331869908e-01,6.03114229492855e+00
1.62181009735893e-01,-5.59553175001988e-01,-8.92079566179618e-01,9.82360397105400e-01,6.02938130071671e+00
1.65958690743756e-01,-5.59416921741290e-01,-8.93668427652202e-01,9.82499629872445e-01,6.02753807955422e+00
1.69824365246174e-01,-5.59274358417320e-01,-8.95331547033692e-01,9.82645310961570e-01,6.02560882940648e+00
1.73780082874937e-01,-5.59125198242999e-01,-8.97072364424935e-01,9.82797733484154e-01,6.02358957601400e+00
1.77827941003892e-01,-5.58969141916271e-01,-8.98894476384976e-01,9.82957203318362e-01,6.02147616542806e+00
1.81970085860998e-01,-5.58805877123751e-01,-9.00801642766689e-01,9.83124039661591e-01,6.01926425626271e+00
1.86208713666287e-01,-5.58635078029723e-01,-9.02797793829393e-01,9.83298575532287e-01,6.01694931164126e+00
1.90546071796325e-01,-5.58456404750022e-01,-9.04887037624235e-01,9.83481158301402e-01,6.01452659084685e+00
1.94984459975804e-01,-5.58269502811655e-01,-9.07073667680629e-01,9.83672150262940e-01,6.01199114063816e+00
1.99526231496888e-01,-5.58074002597481e-01,-9.09362170976469e-01,9.83871929189716e-01,6.00933778626806e+00
2.04173794466953e-01,-5.57869518777330e-01,-9.11757236219178e-01,9.84080888916829e-01,6.00656112215723e+00
2.08929613085404e-01,-5.57655649724935e-01,-9.14263762443311e-01,9.84299439944663e-01,6.00365550223187e+00
2.13796208950223e-01,-5.57431976922076e-01,-9.16886867919797e-01,9.84528010044574e-01,6.00061502992078e+00
2.18776162394955e-01,-5.57198064349102e-01,-9.19631899402892e-01,9.84767044870870e-01,5.99743354780435e+00
2.23872113856834e-01,-5.56953457864823e-01,-9.22504441700832e-01,9.85017008622483e-01,5.99410462691138e+00
2.29086765276777e-01,-5.56697684574732e-01,-9.25510327603155e-01,9.85278384667902e-01,5.99062155564033e+00
2.34422881531992e-01,-5.56430252188107e-01,-9.28655648141272e-01,9.85551676206941e-01,5.98697732833628e+00
2.39883291901949e-01,-5.56150648368498e-01,-9.31946763215195e-01,9.85837406934510e-01,5.98316463348735e+00
2.45470891568503e-01,-5.55858340075055e-01,-9.35390312569634e-01,9.86136121730114e-01,5.97917584155498e+00
2.51188643150958e-01,-5.55552772898144e-01,-9.38993227144101e-01,9.86448387316523e-01,5.97500299243267e+00
2.57039578276886e-01,-5.55233370391417e-01,-9.42762740782278e-01,9.86774792957156e-01,5.97063778253088e+00
2.63026799189538e-01,-5.54899533401750e-01,-9.46706402315590e-01,9.87115951145344e-01,5.96607155149665e+00
2.69153480392691e-01,-5.54550639398695e-01,-9.50832088013866e-01,9.87472498274489e-01,5.96129526856306e+00
2.75422870333816e-01,-5.54186041807571e-01,-9.55148014417571e-01,9.87845095344567e-01,5.95629951853177e+00
2.81838293126445e-01,-5.53805069347313e-01,-9.59662751533193e-01,9.88234428618538e-01,5.95107448740905e+00
2.88403150312660e-01,-5.53407025378158e-01,-9.64385236396943e-01,9.88641210310800e-01,5.94560994768493e+00
2.95120922666638e-01,-5.52991187260687e-01,-9.69324787010166e-01,9.89066179229642e-01,5.93989524328743e+00
3.01995172040201e-01,-5.52556805731791e-01,-9.74491116626181e-01,9.89510101433263e-01,5.93391927419936e+00
3.09029543251359e-01,-5.52103104300650e-01,-9.79894348391292e-01,9.89973770831391e-01,5.92767048078674e+00
3.16227766016837e-01,-5.51629278670031e-01,-9.85545030327916e-01,9.90458009798314e-01,5.92113682781786e+00
3.23593656929628e-01,-5.51134496188331e-01,-9.91454150635612e-01,9.90963669716158e-01,5.91430578825164e+00
3.31131121482591e-01,-5.50617895336922e-01,-9.97633153319060e-01,9.91491631531832e-01,5.90716432674686e+00
3.38844156139202e-01,-5.50078585259813e-01,-1.00409395409252e+00,9.92042806213426e-01,5.89969888300746e+00
3.46736850452531e-01,-5.49515645341915e-01,-1.01084895656830e+00,9.92618135199471e-01,5.89189535492453e+00
3.54813389233575e-01,-5.48928124843083e-01,-1.01791106868041e+00,9.93218590781909e-01,5.88373908159758e+00
3.63078054770101e-01,-5.48315042595201e-01,-1.02529371933522e+00,9.93845176400966e-01,5.87521482626925e+00
3.71535229097172e-01,-5.47675386772030e-01,-1.03301087523383e+00,9.94498926916263e-01,5.86630675921992e+00
3.80189396320561e-01,-5.47008114737713e-01,-1.04107705784938e+00,9.95180908745217e-01,5.85699844066507e+00
3.89045144994280e-01,-5.46312152987192e-01,-1.04950736049558e+00,9.95892219933363e-01,5.84727280375315e+00
3.98107170553497e-01,-5.45586397185624e-01,-1.05831746546299e+00,9.96633990135984e-01,5.83711213767701e+00
4.07380277804112e-01,-5.44829712318580e-01,-1.06752366114422e+00,9.97407380457982e-01,5.82649807103259e+00
4.16869383470335e-01,-5.44040932964571e-01,-1.07714285910709e+00,9.98213583185148e-01,5.81541155544729e+00
4.26579518801592e-01,-5.43218863700554e-01,-1.08719261104699e+00,9.99053821381948e-01,5.80383284960738e+00
4.36515832240165e-01,-5.42362279655593e-01,-1.09769112553653e+00,9.99929348343703e-01,5.79174150376786e+00
4.46683592150962e-01,-5.41469927221932e-01,-1.10865728451145e+00,1.00084144686215e+00,5.77911634482972e+00
4.57088189614874e-01,-5.40540524939881e-01,-1.12011065939107e+00,1.00179142835322e+00,5.76593546212733e+00
4.67735141287197e-01,-5.39572764569922e-01,-1.13207152675034e+00,1.00278063174946e+00,5.75217619401428e+00
4.78630092322638e-01,-5.38565312365460e-01,-1.14456088343876e+00,1.00381042224114e+00,5.73781511539646e+00
4.89778819368445e-01,-5.37516810562831e-01,-1.15760046103740e+00,1.00488218974138e+00,5.72282802634268e+00
5.01187233627271e-01,-5.36425879100708e-01,-1.17121273954453e+00,1.00599734715834e+00,5.70718994190206e+00
5.12861383991364e-01,-5.35291117588196e-01,-1.18542096014631e+00,1.00715732838904e+00,5.69087508330890e+00
5.24807460249772e-01,-5.34111107532619e-01,-1.20024913696394e+00,1.00836358607208e+00,5.67385687071490e+00
5.37031796370252e-01,-5.32884414844731e-01,-1.21572206761784e+00,1.00961758903578e+00,5.65610791761526e+00
5.49540873857624e-01,-5.31609592635225e-01,-1.23186534246207e+00,1.01092081945595e+00,5.63760002716475e+00
5.62341325190348e-01,-5.30285184317218e-01,-1.24870535233321e+00,1.01227476972150e+00,5.61830419055391e+00
5.75439937337156e-01,-5.28909727027019e-01,-1.26626929465006e+00,1.01368093893466e+00,5.59819058762895e+00
5.88843655355588e-01,-5.27481755377908e-01,-1.28458517767895e+00,1.01514082911520e+00,5.57722858996498e+00
6.02559586074357e-01,-5.25999805556666e-01,-1.30368182279302e+00,1.01665594102675e+00,5.55538676659396e+00
6.16595001861481e-01,-5.24462419773483e-01,-1.32358886453612e+00,1.01822776965727e+00,5.53263289257215e+00
6.30957344480192e-01,-5.22868151073812e-01,-1.34433674828913e+00,1.01985779933244e+00,5.50893396061486e+00
6.45654229034654e-01,-5.21215568517624e-01,-1.36595672535327e+00,1.02154749843479e+00,5.48425619599411e+00
6.60693448007595e-01,-5.19503262729742e-01,-1.38848084523039e+00,1.02329831376006e+00,5.45856507491057e+00
6.76082975391981e-01,-5.17729851823242e-01,-1.41194194491062e+00,1.02511166451108e+00,5.43182534653661e+00
6.91830970918935e-01,-5.15893987692164e-01,-1.43637363494969e+00,1.02698893586524e+00,5.40400105893704e+00
7.07945784384137e-01,-5.13994362668433e-01,-1.46181028213642e+00,1.02893147223902e+00,5.37505558904713e+00
7.24435960074989e-01,-5.12029716533204e-01,-1.48828698853598e+00,1.03094057011111e+00,5.34495167690361e+00
7.41310241300916e-01,-5.09998843868424e-01,-1.51583956673002e+00,1.03301747057748e+00,5.31365146427485e+00
7.58577575029182e-01,-5.07900601729673e-01,-1.54450451103064e+00,1.03516335151925e+00,5.28111653787006e+00
7.76247116628690e-01,-5.05733917616094e-01,-1.57431896451871e+00,1.03737931950284e+00,5.24730797722819e+00
7.94328234724280e-01,-5.03497797709175e-01,-1.60532068170625e+00,1.03966640138889e+00,5.21218640743059e+00
8.12830516164098e-01,-5.01191335344498e-01,-1.63754798668665e+00,1.04202553571807e+00,5.17571205669137e+00
8.31763771102669e-01,-4.98813719676025e-01,-1.67103972662666e+00,1.04445756387177e+00,5.13784481890372e+00
8.51138038202375e-01,-4.96364244486553e-01,-1.70583522048092e+00,1.04696322112458e+00,5.09854432115823e+00
8.70963589956079e-01,-4.93842317089578e-01,-1.74197420283844e+00,1.04954312756797e+00,5.05776999622378e+00
8.91250938133744e-01,-4.91247467266359e-01,-1.77949676284899e+00,1.05219777902150e+00,5.01548115992535e+00
9.12010839355908e-01,-4.88579356170146e-01,-1.81844327817487e+00,1.05492753796113e+00,4.97163709336009e+00
9.33254300796989e-01,-4.85837785128048e-01,-1.85885434398786e+00,1.05773262456677e+00,4.92619712976776e+00
9.54992586021434e-01,-4.83022704263285e-01,-1.90077069704303e+00,1.06061310793505e+00,4.87912074591177e+00
9.77237220955809e-01,-4.80134220855727e-01,-1.94423313491987e+00,1.06356889757868e+00,4.83036765770627e+00
9.99999999999998e-01,-4.77172607356485e-01,-1.98928243054150e+00,1.06659973526820e+00,4.77989791981668e+00
1.02329299228075e+00,-4.74138308962617e-01,-2.03595924216732e+00,1.06970518732517e+00,4.72767202889267e+00
1.04712854805090e+00,-4.71031950663809e-01,-2.08430401905734e+00,1.07288463744940e+00,4.67365103003372e+00
1.07151930523760e+00,-4.67854343662119e-01,-2.13435690310134e+00,1.07613728018290e+00,4.61779662604798e+00
1.09647819614318e+00,-4.64606491071542e-01,-2.18615762672670e+00,1.07946211514530e+00,4.56007128901298e+00
1.12201845430196e+00,-4.61289592802481e-01,-2.23974540746830e+00,1.08285794203858e+00,4.50043837357562e+00
1.14815362149688e+00,-4.57905049537472e-01,-2.29515883963365e+00,1.08632335664312e+00,4.43886223140699e+00
1.17489755493953e+00,-4.54454465708321e-01,-2.35243578354296e+00,1.08985674777791e+00,4.37530832617656e+00
1.20226443461741e+00,-4.50939651392728e-01,-2.41161325287947e+00,1.09345629541371e+00,4.30974334836675e+00
1.23026877081238e+00,-4.47362623049795e-01,-2.47272730074000e+00,1.09711996993988e+00,4.24213532920101e+00
1.25892541179416e+00,-4.43725603027938e-01,-2.53581290499744e+00,1.10084553270747e+00,4.17245375297859e+00
1.28824955169313e+00,-4.40031017782886e-01,-2.60090385366184e+00,1.10463053785529e+00,4.10066966702120e+00
1.31825673855640e+00,-4.36281494761767e-01,-2.66803263092863e+00,1.10847233555585e+00,4.02675578849447e+00
1.34896288259165e+00,-4.32479857914380e-01,-2.73723030465147e+00,1.11236807660223e+00,3.95068660730108e+00
1.38038426460288e+00,-4.28629121814182e-01,-2.80852641599984e+00,1.11631471848424e+00,3.87243848428536e+00
1.41253754462275e+00,-4.24732484381558e-01,-2.88194887205605e+00,1.12030903281657e+00,3.79198974400520e+00
1.44543977074592e+00,-4.20793318222416e-01,-2.95752384215037e+00,1.12434761426863e+00,3.70932076130833e+00
1.47910838816820e+00,-4.16815160606071e-01,-3.03527565868525e+00,1.12842689081112e+00,3.62441404104624e+00
1.51356124843620e+00,-4.12801702133180e-01,-3.11522672322157e+00,1.13254313536163e+00,3.53725429025038e+00
1.54881661891248e+00,-4.08756774150239e-01,-3.19739741857315e+00,1.13669247869151e+00,3.44782848216488e+00
1.58489319246111e+00,-4.04684334992887e-01,-3.28180602760475e+00,1.14087092350458e+00,3.35612591160324e+00
1.62181009735892e+00,-4.00588455153422e-01,-3.36846865942000e+00,1.14507435969606e+00,3.26213824114387e+00
1.65958690743756e+00,-3.96473301482271e-01,-3.45739918354523e+00,1.14929858052836e+00,3.16585953776881e+00
1.69824365246174e+00,-3.92343120548288e-01,-3.54860917268370e+00,1.15353929971650e+00,3.06728629961747e+00
1.73780082874937e+00,-3.88202221296568e-01,-3.64210785452434e+00,1.15779216920892e+00,2.96641747264284e+00
1.77827941003892e+00,-3.84054957148940e-01,-3.73790207303695e+00,1.16205279758451e+00,2.86325445700702e+00
1.81970085860998e+00,-3.79905707706567e-01,-3.83599625959725e+00,1.16631676881555e+00,2.75780110317149e+00
1.86208713666286e+00,-3.75758860213603e-01,-3.93639241417768e+00,1.17057966132266e+00,2.65006369773679e+00
1.90546071796324e+00,-3.71618790950747e-01,-4.03909009681068e+00,1.17483706710004e+00,2.54005093914938e+00
1.94984459975804e+00,-3.67489846723139e-01,-4.14408642935888e+00,1.17908461072277e+00,2.42777390350681e+00
1.99526231496887e+00,-3.63376326610179e-01,-4.25137610760938e+00,1.18331796816416e+00,2.31324600077985e+00
2.04173794466952e+00,-3.59282464137362e-01,-4.36095142355904e+00,1.18753288509997e+00,2.19648292183956e+00
2.08929613085403e+00,-3.55212410025889e-01,-4.47280229771227e+00,1.19172519472108e+00,2.07750257675119e+00
2.13796208950223e+00,-3.51170215666348e-01,-4.58691632108359e+00,1.19589083475253e+00,1.95632502489439e+00
2.18776162394955e+00,-3.47159817451196e-01,-4.70327880654952e+00,1.20002586364439e+00,1.83297239749457e+00
2.23872113856833e+00,-3.43185022089923e-01,-4.82187284909052e+00,1.20412647574900e+00,1.70746881322540e+00
2.29086765276777e+00,-3.39249493014677e-01,-4.94267939441255e+00,1.20818901540389e+00,1.57984028757719e+00
2.34422881531991e+00,-3.35356737969117e-01,-5.06567731535666e+00,1.21220998980045e+00,1.45011463672992e+00
2.39883291901948e+00,-3.31510097858093e-01,-5.19084349545792e+00,1.21618608060531e+00,1.31832137668266e+00
2.45470891568502e+00,-3.27712736917513e-01,-5.31815291897569e+00,1.22011415421698e+00,1.18449161841210e+00
2.51188643150957e+00,-3.23967634245199e-01,-5.44757876666612e+00,1.22399127066336e+00,1.04865795984450e+00
2.57039578276886e+00,-3.20277576720701e-01,-5.57909251655151e+00,1.22781469106035e+00,9.10854375406608e-01
2.63026799189537e+00,-3.16645153319731e-01,-5.71266404891245e+00,1.23158188369977e+00,7.71116103937555e-01
2.69153480392691e+00,-3.13072750817617e-01,-5.84826175473812e+00,1.23529052869745e+00,6.29479535671377e-01
2.75422870333816e+00,-3.09562550857174e-01,-5.98585264685150e+00,1.23893852127195e+00,4.85982099061600e-01
2.81838293126444e+00,-3.06116528344993e-01,-6.12540247294297e+00,1.24252397366588e+00,3.40662148073214e-01
2.88403150312660e+00,-3.02736451126815e-01,-6.26687582977418e+00,1.24604521580191e+00,1.93558850640653e-01
2.95120922666637e+00,-2.99423880879980e-01,-6.41023627781522e+00,1.24950079467638e+00,4.47120788545343e-02
3.01995172040200e+00,-2.96180175152393e-01,-6.55544645563888e+00,1.25288947259773e+00,-1.05837698536449e-01
3.09029543251358e+00,-2.93006490471314e-01,-6.70246819339908e+00,1.25621022438526e+00,-2.58049520820422e-01
3.16227766016837e+00,-2.89903786432825e-01,-6.85126262480486e+00,1.25946223350844e+00,-4.11882036751650e-01
3.23593656929627e+00,-2.86872830686306e-01,-7.00179029699776e+00,1.26264488739542e+00,-5.67293602310180e-01
3.31131121482590e+00,-2.83914204717791e-01,-7.15401127783799e+00,1.26575777191510e+00,-7.24242374441025e-01
3.38844156139201e+00,-2.81028310337321e-01,-7.30788526011566e+00,1.26880066512950e+00,-8.82686400487300e-01
3.46736850452530e+00,-2.78215376776128e-01,-7.46337166228776e+00,1.27177353047365e+00,-1.04258370304799e+00
3.54813389233574e+00,-2.75475468297895e-01,-7.62042972537216e+00,1.27467650943608e+00,-1.20389236009569e+00
3.63078054770100e+00,-2.72808492231830e-01,-7.77901860568869e+00,1.27750991378503e+00,-1.36657058017435e+00
3.71535229097171e+00,-2.70214207337688e-01,-7.93909746320446e+00,1.28027421749628e+00,-1.53057677259270e+00
3.80189396320560e+00,-2.67692232417599e-01,-8.10062554526183e+00,1.28297004846891e+00,-1.69586961255219e+00
3.89045144994279e+00,-2.65242055093380e-01,-8.26356226554563e+00,1.28559818005961e+00,-1.86240810117936e+00
3.98107170553496e+00,-2.62863040672910e-01,-8.42786727817117e+00,1.28815952256602e+00,-2.03015162048473e+00
4.07380277804111e+00,-2.60554441036142e-01,-8.59350054682935e+00,1.29065511471587e+00,-2.19905998328519e+00
4.16869383470334e+00,-2.58315403475036e-01,-8.76042240896064e+00,1.29308611522386e+00,-2.36909347818515e+00
4.26579518801591e+00,-2.56144979431021e-01,-8.92859363496673e+00,1.29545379445989e+00,-2.54021290969619e+00
4.36515832240164e+00,-2.54042133075887e-01,-9.09797548250767e+00,1.29775952634689e+00,-2.71237963362834e+00
4.46683592150961e+00,-2.52005749690841e-01,-9.26852974595306e+00,1.30000478047125e+00,-2.88555558791389e+00
4.57088189614873e+00,-2.50034643804182e-01,-9.44021880109231e+00,1.30219111443147e+00,-3.05970331898517e+00
4.67735141287196e+00,-2.48127567053209e-01,-9.61300564522690e+00,1.30432016658585e+00,-3.23478600391934e+00
4.78630092322636e+00,-2.46283215740767e-01,-9.78685393278553e+00,1.30639364905624e+00,-3.41076746850189e+00
4.89778819368444e+00,-2.44500238065198e-01,-9.96172800663277e+00,1.30841334117909e+00,-3.58761220141949e+00
5.01187233627270e+00,-2.42777241004093e-01,-1.01375929252350e+01,1.31038108327606e+00,-3.76528536476735e+00
5.12861383991363e+00,-2.41112796838309e-01,-1.03144144858787e+01,1.31229877088039e+00,-3.94375280106877e+00
5.24807460249770e+00,-2.39505449307607e-01,-1.04921592441331e+01,1.31416834935909e+00,-4.12298103702082e+00
5.37031796370250e+00,-2.37953719391769e-01,-1.06707945297569e+01,1.31599180896278e+00,-4.30293728413807e+00
5.49540873857622e+00,-2.36456110716404e-01,-1.08502884592529e+01,1.31777118031758e+00,-4.48358943651797e+00
5.62341325190346e+00,-2.35011114582988e-01,-1.10306099452857e+01,1.31950853030783e+00,-4.66490606591174e+00
5.75439937337154e+00,-2.33617214628531e-01,-1.12117287031522e+01,1.32120595843920e+00,-4.84685641427945e+00
5.88843655355586e+00,-2.32272891120370e-01,-1.13936152545265e+01,1.32286559358606e+00,-5.02941038402169e+00
6.02559586074355e+00,-2.30976624894416e-01,-1.15762409286700e+01,1.32448959115505e+00,-5.21253852607002e+00
6.16595001861479e+00,-2.29726900948542e-01,-1.17595778613063e+01,1.32608013070440e+00,-5.39621202598995e+00
6.30957344480190e+00,-2.28522211699175e-01,-1.19435989913562e+01,1.32763941389570e+00,-5.58040268826572e+00
6.45654229034652e+00,-2.27361059917868e-01,-1.21282780557102e+01,1.32916966288618e+00,-5.76508291892406e+00
6.60693448007593e+00,-2.26241961358767e-01,-1.23135895822284e+01,1.33067311908474e+00,-5.95022570663969e+00
6.76082975391978e+00,-2.25163447091327e-01,-1.24995088811276e+01,1.33215204225864e+00,-6.13580460244792e+00
6.91830970918933e+00,-2.24124065554484e-01,-1.26860120349280e+01,1.33360871002652e+00,-6.32179369821889e+00
7.07945784384134e+00,-2.23122384345486e-01,-1.28730758871072e+01,1.33504541765975e+00,-6.50816760398694e+00
7.24435960074986e+00,-2.22156991759501e-01,-1.30606780296161e+01,1.33646447824436e+00,-6.69490142426396e+00
7.41310241300914e+00,-2.21226498095030e-01,-1.32487967893855e+01,1.33786822313997e+00,-6.88197073343162e+00
7.58577575029180e+00,-2.20329536739117e-01,-1.34374112139624e+01,1.33925900275765e+00,-7.06935155032220e+00
7.76247116628688e+00,-2.19464765048243e-01,-1.36265010563943e+01,1.34063918762015e+00,-7.25702031205683e+00
7.94328234724277e+00,-2.18630865037469e-01,-1.38160467594687e+01,1.34201116973311e+00,-7.44495384724249e+00
8.12830516164095e+00,-2.17826543894227e-01,-1.40060294394252e+01,1.34337736419565e+00,-7.63312934859318e+00
8.31763771102667e+00,-2.17050534326660e-01,-1.41964308692238e+01,1.34474021109060e+00,-7.82152434504369e+00
8.51138038202372e+00,-2.16301594763439e-01,-1.43872334614717e+01,1.34610217765230e+00,-8.01011667343020e+00
8.70963589956076e+00,-2.15578509413861e-01,-1.45784202510788e+01,1.34746576064900e+00,-8.19888444977544e+00
8.91250938133741e+00,-2.14880088200921e-01,-1.47699748777293e+01,1.34883348901621e+00,-8.38780604025141e+00
9.12010839355905e+00,-2.14205166581428e-01,-1.49618815682290e+01,1.35020792672751e+00,-8.57686003185428e+00
9.33254300796986e+00,-2.13552605257973e-01,-1.51541251187909e+01,1.35159167588921e+00,-8.76602520284857e+00
9.54992586021431e+00,-2.12921289798737e-01,-1.53466908773246e+01,1.35298738007192e+00,-8.95528049299989e+00
9.77237220955806e+00,-2.12310130170808e-01,-1.55395647257680e+01,1.35439772782085e+00,-9.14460497366313e+00
9.99999999999995e+00,-2.11718060196109e-01,-1.57327330625139e+01,1.35582545642862e+00,-9.33397781773193e+00
1.02329299228075e+01,-2.11144036941296e-01,-1.59261827849693e+01,1.35727335587830e+00,-9.52337826950325e+00
1.04712854805089e+01,-2.10587040044610e-01,-1.61199012722863e+01,1.35874427304325e+00,-9.71278561447597e+00
1.07151930523760e+01,-2.10046070990982e-01,-1.63138763682882e+01,1.36024111601531e+00,-9.90217914913082e+00
1.09647819614318e+01,-2.09520152340703e-01,-1.65080963646266e+01,1.36176685873830e+00,-1.00915381506845e+01
1.12201845430196e+01,-2.09008326917611e-01,-1.67025499841883e+01,1.36332454577240e+00,-1.02808418468982e+01
1.14815362149688e+01,-2.08509656963050e-01,-1.68972263647733e+01,1.36491729729259e+00,-1.04700693859261e+01
1.17489755493952e+01,-2.08023223261947e-01,-1.70921150430619e+01,1.36654831431083e+00,-1.06591998062639e+01
1.20226443461741e+01,-2.07548124244896e-01,-1.72872059388783e+01,1.36822088406901e+00,-1.08482120068075e+01
1.23026877081237e+01,-2.07083475073104e-01,-1.74824893397768e+01,1.36993838569432e+00,-1.10370847170774e+01
1.25892541179416e+01,-2.06628406707284e-01,-1.76779558859427e+01,1.37170429600062e+00,-1.12257964676230e+01
1.28824955169313e+01,-2.06182064969833e-01,-1.78735965554271e+01,1.37352219558493e+00,-1.14143255606702e+01
1.31825673855640e+01,-2.05743609600978e-01,-1.80694026497123e+01,1.37539577509478e+00,-1.16026500410289e+01
1.34896288259165e+01,-2.05312213312417e-01,-1.82653657796215e+01,1.37732884172663e+00,-1.17907476673254e+01
1.38038426460288e+01,-2.04887060846964e-01,-1.84614778515620e+01,1.37932532595717e+00,-1.19785958836100e+01
1.41253754462275e+01,-2.04467348041597e-01,-1.86577310541094e+01,1.38138928850838e+00,-1.21661717913806e+01
1.44543977074592e+01,-2.04052280904007e-01,-1.88541178449363e+01,1.38352492755937e+00,-1.23534521220955e+01
1.47910838816820e+01,-2.03641074701063e-01,-1.90506309380719e+01,1.38573658616400e+00,-1.25404132102428e+01
1.51356124843620e+01,-2.03232953067612e-01,-1.92472632915025e+01,1.38802875995988e+00,-1.27270309670352e+01
1.54881661891247e+01,-2.02827147136269e-01,-1.94440080950998e+01,1.39040610511157e+00,-1.29132808547960e+01
1.58489319246110e+01,-2.02422894693620e-01,-1.96408587588797e+01,1.39287344646183e+00,-1.30991378621532e+01
1.62181009735892e+01,-2.02019439367273e-01,-1.98378089015848e+01,1.39543578602228e+00,-1.32845764801116e+01
1.65958690743755e+01,-2.01616029848462e-01,-2.00348523395854e+01,1.39809831167917e+00,-1.34695706790998e+01
1.69824365246173e+01,-2.01211919153045e-01,-2.02319830760958e+01,1.40086640615132e+00,-1.36540938871269e+01
1.73780082874936e+01,-2.00806363928864e-01,-2.04291952907024e+01,1.40374565625963e+00,-1.38381189691427e+01
1.77827941003891e+01,-2.00398623812856e-01,-2.06264833291919e+01,1.40674186244537e+00,-1.40216182077259e+01
1.81970085860997e+01,-1.99987960845153e-01,-2.08238416936874e+01,1.40986104855695e+00,-1.42045632852685e+01
1.86208713666286e+01,-1.99573638945244e-01,-2.10212650330745e+01,1.41310947192047e+00,-1.43869252677411e+01
1.90546071796323e+01,-1.99154923459101e-01,-2.12187481337258e+01,1.41649363369688e+00,-1.45686745902469e+01
1.94984459975803e+01,-1.98731080783653e-01,-2.14162859105093e+01,1.42002028949417e+00,-1.47497810444879e+01
1.99526231496887e+01,-1.98301378077033e-01,-2.16138733980884e+01,1.42369646025864e+00,-1.49302137683258e+01
2.04173794466952e+01,-1.97865083065505e-01,-2.18115057425017e+01,1.42752944345172e+00,-1.51099412376046e+01
2.08929613085403e+01,-1.97421463954848e-01,-2.20091781930311e+01,1.43152682446302e+00,-1.52889312604223e+01
2.13796208950222e+01,-1.96969789459415e-01,-2.22068860943480e+01,1.43569648831436e+00,-1.54671509740392e+01
2.18776162394954e+01,-1.96509328960639e-01,-2.24046248789483e+01,1.44004663158034e+00,-1.56445668446123e+01
2.23872113856832e+01,-1.96039352807303e-01,-2.26023900598684e+01,1.44458577458326e+00,-1.58211446699528e+01
2.29086765276776e+01,-1.95559132775001e-01,-2.28001772236938e+01,1.44932277378730e+00,-1.59968495855248e+01
2.34422881531991e+01,-1.95067942697842e-01,-2.29979820238584e+01,1.45426683441381e+00,-1.61716460738620e+01
2.39883291901947e+01,-1.94565059293346e-01,-2.31958001742488e+01,1.45942752323987e+00,-1.63454979776258e+01
2.45470891568501e+01,-1.94049763198659e-01,-2.33936274431106e+01,1.46481478159185e+00,-1.65183685164999e+01
2.51188643150956e+01,-1.93521340238892e-01,-2.35914596472762e+01,1.47043893844276e+00,-1.66902203081187e+01
2.57039578276885e+01,-1.92979082952939e-01,-2.37892926467236e+01,1.47631072365396e+00,-1.68610153932268e+01
2.63026799189536e+01,-1.92422292401843e-01,-2.39871223394761e+01,1.48244128129402e+00,-1.70307152652450e+01
2.69153480392690e+01,-1.91850280287153e-01,-2.41849446568650e+01,1.48884218298225e+00,-1.71992809044270e+01
2.75422870333815e+01,-1.91262371411060e-01,-2.43827555591741e+01,1.49552544124608e+00,-1.73666728167573e+01
2.81838293126443e+01,-1.90657906511967e-01,-2.45805510316803e+01,1.50250352281308e+00,-1.75328510777322e+01
2.88403150312659e+01,-1.90036245511587e-01,-2.47783270811313e+01,1.50978936180082e+00,-1.76977753811641e+01
2.95120922666636e+01,-1.89396771214644e-01,-2.49760797326685e+01,1.51739637273559e+00,-1.78614050930732e+01
3.01995172040199e+01,-1.88738893502816e-01,-2.51738050272469e+01,1.52533846333791e+00,-1.80236993107774e+01
3.09029543251357e+01,-1.88062054073369e-01,-2.53714990195741e+01,1.53363004695579e+00,-1.81846169271987e+01
3.16227766016836e+01,-1.87365731771314e-01,-2.55691577766138e+01,1.54228605464033e+00,-1.83441167003977e+01
3.23593656929626e+01,-1.86649448572222e-01,-2.57667773766976e+01,1.55132194669256e+00,-1.85021573283210e+01
3.31131121482589e+01,-1.85912776275965e-01,-2.59643539092964e+01,1.56075372359675e+00,-1.86586975286790e+01
3.38844156139200e+01,-1.85155343978215e-01,-2.61618834755012e+01,1.57059793627660e+00,-1.88136961238521e+01
3.46736850452529e+01,-1.84376846388973e-01,-2.63593621892734e+01,1.58087169542856e+00,-1.89671121306589e+01
3.54813389233573e+01,-1.83577053076876e-01,-2.65567861795351e+01,1.59159267998112e+00,-1.91189048548095e+01
3.63078054770099e+01,-1.82755818720288e-01,-2.67541515931661e+01,1.60277914431120e+00,-1.92690339897465e+01
3.71535229097170e+01,-1.81913094457383e-01,-2.69514545989840e+01,1.61444992422439e+00,-1.94174597196080e+01
3.80189396320558e+01,-1.81048940428130e-01,-2.71486913927983e+01,1.62662444145164e+00,-1.95641428259449e+01
3.89045144994278e+01,-1.80163539614216e-01,-2.73458582036244e+01,1.63932270645032e+00,-1.97090447977667e+01
3.98107170553494e+01,-1.79257213086928e-01,-2.75429513011597e+01,1.65256531937044e+00,-1.98521279444793e+01
4.07380277804110e+01,-1.78330436782843e-01,-2.77399670046287e+01,1.66637346889426e+00,-1.99933555111961e+01
4.16869383470332e+01,-1.77383859933298e-01,-2.79369016931152e+01,1.68076892873756e+00,-2.01326917958608e+01
4.26579518801589e+01,-1.76418325284729e-01,-2.81337518175025e+01,1.69577405156455e+00,-2.02701022675953e+01
4.36515832240162e+01,-1.75434891254348e-01,-2.83305139141547e+01,1.71141176001886e+00,-2.04055536856041e+01
4.46683592150960e+01,-1.74434856175964e-01,-2.85271846204891e+01,1.72770553461972e+00,-2.05390142180000e+01
4.57088189614871e+01,-1.73419784797390e-01,-2.87237606925836e+01,1.74467939810552e+00,-2.06704535598027e+01
4.67735141287194e+01,-1.72391537205860e-01,-2.89202390249822e+01,1.76235789607709e+00,-2.07998430494073e+01
4.78630092322634e+01,-1.71352300360321e-01,-2.91166166728801e+01,1.78076607339345e+00,-2.09271557827770e+01
4.89778819368442e+01,-1.70304622425908e-01,-2.93128908768567e+01,1.79992944607151e+00,-2.10523667246031e+01
5.01187233627268e+01,-1.69251450109734e-01,-2.95090590903511e+01,1.81987396830388e+00,-2.11754528156739e+01
5.12861383991361e+01,-1.68196169211884e-01,-2.97051190100942e+01,1.84062599412452e+00,-2.12963930757405e+01
5.24807460249768e+01,-1.67142648606774e-01,-2.99010686096848e+01,1.86221223335338e+00,-2.14151687011234e+01
5.37031796370248e+01,-1.66095287887764e-01,-3.00969061765481e+01,1.88465970140439e+00,-2.15317631564031e+01
5.49540873857620e+01,-1.65059068904359e-01,-3.02926303524906e+01,1.90799566242392e+00,-2.16461622595154e+01
5.62341325190344e+01,-1.64039611437066e-01,-3.04882401780866e+01,1.93224756541425e+00,-2.17583542596566e+01
5.75439937337152e+01,-1.63043233253150e-01,-3.06837351411405e+01,1.95744297278835e+00,-2.18683299074405e+01
5.88843655355584e+01,-1.62077014792006e-01,-3.08791152294548e+01,1.98360948091401e+00,-2.19760825168253e+01
6.02559586074353e+01,-1.61148868729521e-01,-3.10743809881575e+01,2.01077463217602e+00,-2.20816080183822e+01
6.16595001861477e+01,-1.60267614668462e-01,-3.12695335818255e+01,2.03896581809117e+00,-2.21849050035616e+01
6.30957344480188e+01,-1.59443059196956e-01,-3.14645748616444e+01,2.06821017299650e+00,-2.22859747596945e+01
6.45654229034650e+01,-1.58686081548716e-01,-3.16595074378331e+01,2.09853445784135e+00,-2.23848212955250e+01
6.60693448007590e+01,-1.58008725086624e-01,-3.18543347575556e+01,2.12996493372371e+00,-2.24814513572065e+01
6.76082975391976e+01,-1.57424294812047e-01,-3.20490611885196e+01,2.16252722469744e+00,-2.25758744346998e+01
6.91830970918930e+01,-1.56947461079820e-01,-3.22436921084498e+01,2.19624616948216e+00,-2.26681027586751e+01
7.07945784384132e+01,-1.56594369670305e-01,-3.24382340005811e+01,2.23114566184771e+00,-2.27581512880213e+01
7.24435960074984e+01,-1.56382758330831e-01,-3.26326945552975e+01,2.26724847928234e+00,-2.28460376882005e+01
7.41310241300911e+01,-1.56332079854967e-01,-3.28270827779882e+01,2.30457609982947e+00,-2.29317823007176e+01
7.58577575029177e+01,-1.56463631714712e-01,-3.30214091031468e+01,2.34314850695529e+00,-2.30154081040335e+01
7.76247116628685e+01,-1.56800692194643e-01,-3.32156855146797e+01,2.38298398240746e+00,-2.30969406663183e+01
7.94328234724274e+01,-1.57368662904846e-01,-3.34099256723058e+01,2.42409888718053e+00,-2.31764080904578e+01
8.12830516164092e+01,-1.58195217457787e-01,-3.36041450438611e+01,2.46650743074648e+00,-2.32538409517658e+01
8.31763771102664e+01,-1.59310455999451e-01,-3.37983610432182e+01,2.51022142893418e+00,-2.33292722288637e+01
8.51138038202369e+01,-1.60747065166188e-01,-3.39925931734124e+01,2.55525005097174e+00,-2.34027372281922e+01
8.70963589956073e+01,-1.62540482913577e-01,-3.41868631744553e+01,2.60159955630003e+00,-2.34742735025952e+01
8.91250938133737e+01,-1.64729067516703e-01,-3.43811951751705e+01,2.64927302213562e+00,-2.35439207644187e+01
9.12010839355901e+01,-1.67354269882199e-01,-3.45756158482263e+01,2.69827006275096e+00,-2.36117207934942e+01
9.33254300796982e+01,-1.70460808136857e-01,-3.47701545673697e+01,2.74858654189332e+00,-2.36777173403475e+01
9.54992586021427e+01,-1.74096843263210e-01,-3.49648435656953e+01,2.80021427981887e+00,-2.37419560248957e+01
9.77237220955802e+01,-1.78314154346422e-01,-3.51597180935489e+01,2.85314075682932e+00,-2.38044842308595e+01
9.99999999999991e+01,-1.83168311774227e-01,-3.53548165744827e+01,2.90734881538467e+00,-2.38653509959466e+01
1.02329299228074e+02,-1.88718846494273e-01,-3.55501807574237e+01,2.96281636322728e+00,-2.39246068979034e+01
1.04712854805089e+02,-1.95029413191148e-01,-3.57458558629898e+01,3.01951608020560e+00,-2.39823039363035e+01
1.07151930523760e+02,-2.02167944987263e-01,-3.59418907216535e+01,3.07741513183324e+00,-2.40384954099548e+01
1.09647819614317e+02,-2.10206797019905e-01,-3.61383379011618e+01,3.13647489292293e+00,-2.40932357896261e+01
1.12201845430195e+02,-2.19222875986878e-01,-3.63352538204355e+01,3.19665068496545e+00,-2.41465805857880e+01
1.14815362149687e+02,-2.29297752511456e-01,-3.65326988468670e+01,3.25789153117353e+00,-2.41985862108741e+01
1.17489755493952e+02,-2.40517752938801e-01,-3.67307373737673e+01,3.32013993345927e+00,-2.42493098356520e+01
1.20226443461740e+02,-2.52974026975891e-01,-3.69294378744716e+01,3.38333167587644e+00,-2.42988092390471e+01
1.23026877081237e+02,-2.66762587403184e-01,-3.71288729294743e+01,3.44739565913432e+00,-2.43471426509288e+01
1.25892541179416e+02,-2.81984317966491e-01,-3.73291192228221e+01,3.51225377125342e+00,-2.43943685872299e+01
1.28824955169312e+02,-2.98744945474964e-01,-3.75302575039536e+01,3.57782079917189e+00,-2.44405456768797e+01
1.31825673855639e+02,-3.17154972131208e-01,-3.77323725111396e+01,3.64400438648520e+00,-2.44857324800191e+01
1.34896288259164e+02,-3.37329564196330e-01,-3.79355528528158e+01,3.71070504220521e+00,-2.45299872972208e+01
1.38038426460287e+02,-3.59388393263670e-01,-3.81398908432234e+01,3.77781620540713e+00,-2.45733679694113e+01
1.41253754462274e+02,-3.83455426697213e-01,-3.83454822891066e+01,3.84522437028271e+00,-2.46159316685515e+01
1.44543977074591e+02,-4.09658664189156e-01,-3.85524262245999e+01,3.91280927569549e+00,-2.46577346793178e+01
1.47910838816819e+02,-4.38129817917409e-01,-3.87608245919738e+01,3.98044416288886e+00,-2.46988321723230e+01
1.51356124843619e+02,-4.69003934451487e-01,-3.89707818665920e+01,4.04799610411395e+00,-2.47392779698459e+01
1.54881661891247e+02,-5.02418957353453e-01,-3.91824046252052e+01,4.11532640429655e+00,-2.47791243053405e+01
1.58489319246110e+02,-5.38515230358347e-01,-3.93958010577038e+01,4.18229107661792e+00,-2.48184215785063e+01
1.62181009735891e+02,-5.77434942092754e-01,-3.96110804234567e+01,4.24874139191700e+00,-2.48572181081245e+01
1.65958690743754e+02,-6.19321514467428e-01,-3.98283524546190e+01,4.31452450039035e+00,-2.48955598853522e+01
1.69824365246173e+02,-6.64318938167731e-01,-4.00477267099928e+01,4.37948412263510e+00,-2.49334903305967e+01
1.73780082874936e+02,-7.12571060014885e-01,-4.02693118844716e+01,4.44346130567075e+00,-2.49710500576022e+01
1.77827941003890e+02,-7.64220828354828e-01,-4.04932150803654e+01,4.50629523780397e+00,-2.50082766486585e+01
1.81970085860996e+02,-8.19409504018846e-01,-4.07195410483899e+01,4.56782411479315e+00,-2.50452044452553e+01
1.86208713666285e+02,-8.78275845721953e-01,-4.09483914073462e+01,4.62788604806264e+00,-2.50818643586866e+01
1.90546071796323e+02,-9.40955279998826e-01,-4.11798638527470e+01,4.68632000425675e+00,-2.51182837051534e+01
1.94984459975802e+02,-1.00757906684486e+00,-4.14140513657388e+01,4.74296676422424e+00,-2.51544860699816e+01
1.99526231496886e+02,-1.07827347309661e+00,-4.16510414344641e+01,4.79766988811087e+00,-2.51904912052351e+01
2.04173794466951e+02,-1.15315896619303e+00,-4.18909153006193e+01,4.85027667273101e+00,-2.52263149647262e+01
2.08929613085402e+02,-1.23234944126521e+00,-4.21337472442637e+01,4.90063908648423e+00,-2.52619692798511e+01
2.13796208950221e+02,-1.31595149447758e+00,-4.23796039198259e+01,4.94861466716527e+00,-2.52974621789255e+01
2.18776162394953e+02,-1.40406375515239e+00,-4.26285437558934e+01,4.99406736810390e+00,-2.53327978518650e+01
2.23872113856832e+02,-1.49677628845522e+00,-4.28806164305434e+01,5.03686833863295e+00,-2.53679767610706e+01
2.29086765276775e+02,-1.59417007931029e+00,-4.31358624328242e+01,5.07689662607031e+00,-2.54029957981917e+01
2.34422881531990e+02,-1.69631660674703e+00,-4.33943127195035e+01,5.11403978763558e+00,-2.54378484853717e+01
2.39883291901946e+02,-1.80327751613251e+00,-4.36559884744234e+01,5.14819440267225e+00,-2.54725252183598e+01
2.45470891568500e+02,-1.91510439473728e+00,-4.39209009756775e+01,5.17926647755131e+00,-2.55070135477314e+01
2.51188643150955e+02,-2.03183865389146e+00,-4.41890515736885e+01,5.20717173797405e+00,-2.55412984934025e+01
2.57039578276884e+02,-2.15351151870006e+00,-4.44604317808196e+01,5.23183580588351e+00,-2.55753628867325e+01
2.63026799189535e+02,-2.28014412395833e+00,-4.47350234708609e+01,5.25319426084119e+00,-2.56091877336995e+01
2.69153480392689e+02,-2.41174771264773e+00,-4.50127991843656e+01,5.27119258812341e+00,-2.56427525921703e+01
2.75422870333814e+02,-2.54832393124915e+00,-4.52937225336203e+01,5.28578601837578e+00,-2.56760359558766e+01
2.81838293126442e+02,-2.68986521419284e+00,-4.55777486990950e+01,5.29693926581303e+00,-2.57090156377490e+01
2.88403150312657e+02,-2.83635524808756e+00,-4.58648250074432e+01,5.30462617396279e+00,-2.57416691453537e+01
2.95120922666635e+02,-2.98776950503259e+00,-4.61548915797904e+01,5.30882927963076e+00,-2.57739740416227e+01
3.01995172040198e+02,-3.14407583330049e+00,-4.64478820379389e+01,5.30953930693326e+00,-2.58059082846402e+01
3.09029543251356e+02,-3.30523509304399e+00,-4.67437242554907e+01,5.30675460432080e+00,-2.58374505411289e+01
3.16227766016834e+02,-3.47120182439381e+00,-4.70423411405036e+01,5.30048053776434e+00,-2.58685804690436e+01
3.23593656929625e+02,-3.64192493538316e+00,-4.73436514364342e+01,5.29072885356859e+00,-2.58992789658306e+01
3.31131121482587e+02,-3.81734839752465e+00,-4.76475705283969e+01,5.27751702389781e+00,-2.59295283799075e+01
3.38844156139199e+02,-3.99741193753036e+00,-4.79540112424544e+01,5.26086758747811e+00,-2.59593126839485e+01
3.46736850452528e+02,-4.18205171458671e+00,-4.82628846266054e+01,5.24080749718607e+00,-2.59886176096222e+01
3.54813389233572e+02,-4.37120097367973e+00,-4.85741007031730e+01,5.21736748493250e+00,-2.60174307443810e+01
3.63078054770097e+02,-4.56479066671494e+00,-4.88875691835826e+01,5.19058145318945e+00,-2.60457415916671e+01
3.71535229097168e+02,-4.76275003448633e+00,-4.92032001378494e+01,5.16048590089930e+00,-2.60735415967501e+01
3.80189396320557e+02,-4.96500714391461e+00,-4.95209046125011e+01,5.12711939028097e+00,-2.61008241408599e+01
3.89045144994276e+02,-5.17148937632428e+00,-4.98405951920344e+01,5.09052205941394e+00,-2.61275845068611e+01
3.98107170553493e+02,-5.38212386384013e+00,-5.01621865004059e+01,5.05073518413860e+00,-2.61538198199435e+01
4.07380277804108e+02,-5.59683787222200e+00,-5.04855956402614e+01,5.00780079155266e+00,-2.61795289669827e+01
4.16869383470331e+02,-5.81555912958804e+00,-5.08107425689997e+01,4.96176132595543e+00,-2.62047124983813e+01
4.26579518801588e+02,-6.03821610150816e+00,-5.11375504115836e+01,4.91265936712354e+00,-2.62293725160235e+01
4.36515832240161e+02,-6.26473821383448e+00,-5.14659457112871e+01,4.86053739983496e+00,-2.62535125509338e+01
4.46683592150958e+02,-6.49505602540375e+00,-5.17958586202018e+01,4.80543763252061e+00,-2.62771374340051e+01
4.57088189614870e+02,-6.72910135337527e+00,-5.21272230321150e+01,4.74740186251740e+00,-2.63002531628813e+01
4.67735141287193e+02,-6.96680735446615e+00,-5.24599766610205e+01,4.68647138460590e+00,-2.63228667677692e+01
4.78630092322633e+02,-7.20810856572285e+00,-5.27940610688698e+01,4.62268693922246e+00,-2.63449861786735e+01
4.89778819368440e+02,-7.45294090873236e+00,-5.31294216466255e+01,4.55608869643294e+00,-2.63666200961395e+01
5.01187233627266e+02,-7.70124166133113e+00,-5.34660075529367e+01,4.48671627153009e+00,-2.63877778673274e+01
5.12861383991359e+02,-7.95294940094142e+00,-5.38037716147626e+01,4.41460876810524e+00,-2.64084693688189e+01
5.24807460249766e+02,-8.20800392364931e+00,-5.41426701945604e+01,4.33980484447394e+00,-2.64287048973484e+01
5.37031796370246e+02,-8.46634614305339e+00,-5.44826630284661e+01,4.26234279925284e+00,-2.64484950692207e+01
5.49540873857618e+02,-8.72791797277828e+00,-5.48237130398890e+01,4.18226067234851e+00,-2.64678507290733e+01
5.62341325190342e+02,-8.99266219635924e+00,-5.51657861328607e+01,4.09959635749756e+00,-2.64867828682167e+01
5.75439937337150e+02,-9.26052232797908e+00,-5.55088509692102e+01,4.01438772297957e+00,-2.65053025527503e+01
5.88843655355582e+02,-9.53144246729115e+00,-5.58528787335364e+01,3.92667273726318e+00,-2.65234208613028e+01
6.02559586074351e+02,-9.80536715128671e+00,-5.61978428896526e+01,3.83648959664803e+00,-2.65411488322109e+01
6.16595001861475e+02,-1.00822412058883e+01,-5.65437189318405e+01,3.74387685239660e+00,-2.65584974197426e+01
6.30957344480186e+02,-1.03620095996500e+01,-5.68904841342405e+01,3.64887353493858e+00,-2.65754774589082e+01
6.45654229034648e+02,-1.06446173016654e+01,-5.72381173010375e+01,3.55151927326741e+00,-2.65920996382762e+01
6.60693448007588e+02,-1.09300091454831e+01,-5.75865985201539e+01,3.45185440776133e+00,-2.66083744802054e+01
6.76082975391973e+02,-1.12181297005577e+01,-5.79359089226540e+01,3.34992009509363e+00,-2.66243123277855e+01
6.91830970918928e+02,-1.15089231524837e+01,-5.82860304498774e+01,3.24575840408568e+00,-2.66399233378181e+01
7.07945784384129e+02,-1.18023331930080e+01,-5.86369456299349e+01,3.13941240172026e+00,-2.66552174791201e+01
7.24435960074981e+02,-1.20983029205629e+01,-5.89886373650799e+01,3.03092622860803e+00,-2.66702045354404e+01
7.41310241300908e+02,-1.23967747518427e+01,-5.93410887309779e+01,2.92034516363382e+00,-2.66848941122847e+01
7.58577575029174e+02,-1.26976903447282e+01,-5.96942827888867e+01,2.80771567757546e+00,-2.66992956469901e+01
7.76247116628682e+02,-1.30009905326772e+01,-6.00482024113028e+01,2.69308547571770e+00,-2.67134184213690e+01
7.94328234724272e+02,-1.33066152705225e+01,-6.04028301215544e+01,2.57650352964393e+00,-2.67272715763387e+01
8.12830516164089e+02,-1.36145035914681e+01,-6.07581479475406e+01,2.45802009854088e+00,-2.67408641279251e+01
8.31763771102661e+02,-1.39245935749408e+01,-6.11141372896575e+01,2.33768674047555e+00,-2.67542049841410e+01
8.51138038202366e+02,-1.42368223248373e+01,-6.14707788027654e+01,2.21555631412440e+00,-2.67673029622222e+01
8.70963589956070e+02,-1.45511259576190e+01,-6.18280522919273e+01,2.09168297168858e+00,-2.67801668057855e+01
8.91250938133734e+02,-1.48674395996229e+01,-6.21859366215065e+01,1.96612214362818e+00,-2.67928052015382e+01
9.12010839355898e+02,-1.51856973929019e+01,-6.25444096370620e+01,1.83893051590015e+00,-2.68052267951476e+01
9.33254300796979e+02,-1.55058325088695e+01,-6.29034480994806e+01,1.71016600056989e+00,-2.68174402060005e+01
9.54992586021424e+02,-1.58277771689931e+01,-6.32630276306304e+01,1.57988770045737e+00,-2.68294540406110e+01
9.77237220955798e+02,-1.61514626717706e+01,-6.36231226697861e+01,1.44815586870377e+00,-2.68412769044094e+01
9.99999999999987e+02,-1.64768194252306e+01,-6.39837064400700e+01,1.31503186384664e+00,-2.68529174118081e+01
1.02329299228074e+03,-1.68037769842075e+01,-6.43447509240951e+01,1.18057810132376e+00,-2.68643841943526e+01
1.04712854805089e+03,-1.71322640916712e+01,-6.47062268479851e+01,1.04485800193746e+00,-2.68756859069004e+01
1.07151930523759e+03,-1.74622087234218e+01,-6.50681036730231e+01,9.07935938010702e-01,-2.68868312317346e+01
1.09647819614317e+03,-1.77935381355102e+01,-6.54303495940263e+01,7.69877177791243e-01,-2.68978288805899e+01
1.12201845430195e+03,-1.81261789137857e+01,-6.57929315438489e+01,6.30747828674375e-01,-2.69086875945654e+01
1.14815362149687e+03,-1.84600570250347e+01,-6.61558152031194e+01,4.90614779702579e-01,-2.69194161419356e+01
1.17489755493951e+03,-1.87950978692298e+01,-6.65189650146773e+01,3.49545643744451e-01,-2.69300233139116e+01
1.20226443461740e+03,-1.91312263324699e+01,-6.68823442019535e+01,2.07608699732943e-01,-2.69405179183466e+01
1.23026877081237e+03,-1.94683668402579e+01,-6.72459147908314e+01,6.48728352618882e-02,-2.69509087714919e+01
1.25892541179415e+03,-1.98064434108251e+01,-6.76096376343847e+01,-7.85925103133761e-02,-2.69612046878628e+01
1.28824955169312e+03,-2.01453797082748e+01,-6.79734724400937e+01,-2.22717402000112e-01,-2.69714144682644e+01
1.31825673855639e+03,-2.04850990953807e+01,-6.83373777990927e+01,-3.67431464539202e-01,-2.69815468860965e+01
1.34896288259164e+03,-2.08255246859374e+01,-6.87013112172178e+01,-5.12663936852669e-01,-2.69916106720222e+01
1.38038426460287e+03,-2.11665793966128e+01,-6.90652291474699e+01,-6.58343725708901e-01,-2.70016144970946e+01
1.41253754462274e+03,-2.15081859983140e+01,-6.94290870237756e+01,-8.04399458568742e-01,-2.70115669544332e+01
1.44543977074591e+03,-2.18502671671189e+01,-6.97928392958951e+01,-9.50759535799376e-01,-2.70214765395834e+01
1.47910838816819e+03,-2.21927455348804e+01,-7.01564394653717e+01,-1.09735218234643e+00,-2.70313516296389e+01
1.51356124843619e+03,-2.25355437396431e+01,-7.05198401224820e+01,-1.24410549909824e+00,-2.70412004612598e+01
1.54881661891246e+03,-2.28785844760525e+01,-7.08829929843037e+01,-1.39094751412653e+00,-2.70510311077060e+01
1.58489319246109e+03,-2.32217905459633e+01,-7.12458489338515e+01,-1.53780623409164e+00,-2.70608514549725e+01
1.62181009735891e+03,-2.35650849094810e+01,-7.16083580604889e+01,-1.68460969602185e+00,-2.70706691772099e+01
1.65958690743754e+03,-2.39083907366844e+01,-7.19704697017154e+01,-1.83128601978435e+00,-2.70804917115064e+01
1.69824365246172e+03,-2.42516314602930e+01,-7.23321324866198e+01,-1.97776346154126e+00,-2.70903262322101e+01
1.73780082874935e+03,-2.45947308295483e+01,-7.26932943810438e+01,-2.12397046843342e+00,-2.71001796249076e+01
1.77827941003890e+03,-2.49376129655763e+01,-7.30539027348808e+01,-2.26983573481707e+00,-2.71100584602273e+01
1.81970085860996e+03,-2.52802024184933e+01,-7.34139043316887e+01,-2.41528826033042e+00,-2.71199689676323e+01
1.86208713666284e+03,-2.56224242265083e+01,-7.37732454408410e+01,-2.56025741002136e+00,-2.71299170093378e+01
1.90546071796322e+03,-2.59642039772517e+01,-7.41318718726164e+01,-2.70467297680657e+00,-2.71399080546040e+01
1.94984459975802e+03,-2.63054678715406e+01,-7.44897290363975e+01,-2.84846524645656e+00,-2.71499471544989e+01
1.99526231496885e+03,-2.66461427897620e+01,-7.48467620022674e+01,-2.99156506529427e+00,-2.71600389173867e+01
2.04173794466950e+03,-2.69861563610182e+01,-7.52029155663405e+01,-3.13390391076557e+00,-2.71701874853569e+01
2.08929613085401e+03,-2.73254370351414e+01,-7.55581343199217e+01,-3.27541396497303e+00,-2.71803965117491e+01
2.13796208950220e+03,-2.76639141576414e+01,-7.59123627228447e+01,-3.41602819124147e+00,-2.71906691400362e+01
2.18776162394952e+03,-2.80015180476014e+01,-7.62655451810759e+01,-3.55568041371778e+00,-2.72010079842758e+01
2.23872113856831e+03,-2.83381800784845e+01,-7.66176261287195e+01,-3.69430539997074e+00,-2.72114151113578e+01
2.29086765276774e+03,-2.86738327617626e+01,-7.69685501145710e+01,-3.83183894650648e+00,-2.72218920252491e+01
2.34422881531989e+03,-2.90084098332190e+01,-7.73182618932045e+01,-3.96821796702846e+00,-2.72324396534965e+01
2.39883291901946e+03,-2.93418463417191e+01,-7.76667065205884e+01,-4.10338058321484e+00,-2.72430583361799e+01
2.45470891568500e+03,-2.96740787401862e+01,-7.80138294541492e+01,-4.23726621780347e+00,-2.72537478175099e+01
2.51188643150954e+03,-3.00050449784552e+01,-7.83595766571262e+01,-4.36981568957360e+00,-2.72645072403128e+01
2.57039578276883e+03,-3.03346845976255e+01,-7.87038947070363e+01,-4.50097130989470e+00,-2.72753351435229e+01
2.63026799189534e+03,-3.06629388254708e+01,-7.90467309078856e+01,-4.63067698036330e+00,-2.72862294628946e+01
2.69153480392688e+03,-3.09897506724142e+01,-7.93880334058569e+01,-4.75887829103669e+00,-2.72971875350245e+01
2.75422870333813e+03,-3.13150650275252e+01,-7.97277513079634e+01,-4.88552261873048e+00,-2.73082061048386e+01
2.81838293126441e+03,-3.16388287539494e+01,-8.00658348031686e+01,-5.01055922474764e+00,-2.73192813365773e+01
2.88403150312656e+03,-3.19609907831427e+01,-8.04022352854444e+01,-5.13393935143697e+00,-2.73304088283633e+01
2.95120922666634e+03,-3.22815022072465e+01,-8.07369054780607e+01,-5.25561631688572e+00,-2.73415836303312e+01
3.01995172040197e+03,-3.26003163689168e+01,-8.10697995584127e+01,-5.37554560709125e+00,-2.73528002663084e+01
3.09029543251355e+03,-3.29173889479003e+01,-8.14008732826161e+01,-5.49368496483503e+00,-2.73640527589649e+01
3.16227766016833e+03,-3.32326780436422e+01,-8.17300841090780e+01,-5.60999447462249e+00,-2.73753346583339e+01
3.23593656929624e+03,-3.35461442532094e+01,-8.20573913201365e+01,-5.72443664288058e+00,-2.73866390735206e+01
3.31131121482586e+03,-3.38577507438246e+01,-8.23827561409294e+01,-5.83697647277443e+00,-2.73979587074600e+01
3.38844156139198e+03,-3.41674633193231e+01,-8.27061418545650e+01,-5.94758153290143e+00,-2.74092858944264e+01
3.46736850452527e+03,-3.44752504798781e+01,-8.30275139126422e+01,-6.05622201925526e+00,-2.74206126400694e+01
3.54813389233570e+03,-3.47810834743733e+01,-8.33468400403015e+01,-6.16287080975592e+00,-2.74319306636591e+01
3.63078054770096e+03,-3.50849363448562e+01,-8.36640903348132e+01,-6.26750351088153e+00,-2.74432314421917e+01
3.71535229097167e+03,-3.53867859625587e+01,-8.39792373569148e+01,-6.37009849578417e+00,-2.74545062560022e+01
3.80189396320556e+03,-3.56866120550380e+01,-8.42922562140144e+01,-6.47063693351403e+00,-2.74657462355123e+01
3.89045144994275e+03,-3.59843972240651e+01,-8.46031246345947e+01,-6.56910280893890e+00,-2.74769424086870e+01
3.98107170553491e+03,-3.62801269539638e+01,-8.49118230330222e+01,-6.66548293305000e+00,-2.74880857488097e+01
4.07380277804107e+03,-3.65737896101898e+01,-8.52183345641881e+01,-6.75976694352097e+00,-2.74991672221605e+01
4.16869383470329e+03,-3.68653764280253e+01,-8.55226451675058e+01,-6.85194729526348e+00,-2.75101778351649e+01
4.26579518801586e+03,-3.71548814913537e+01,-8.58247435997606e+01,-6.94201924104947e+00,-2.75211086806392e+01
4.36515832240159e+03,-3.74423017015726e+01,-8.61246214565066e+01,-7.02998080224386e+00,-2.75319509827196e+01
4.46683592150956e+03,-3.77276367367881e+01,-8.64222731819085e+01,-7.11583272972296e+00,-2.75426961401154e+01
4.57088189614868e+03,-3.80108890015278e+01,-8.67176960667108e+01,-7.19957845529867e+00,-2.75533357673386e+01
4.67735141287191e+03,-3.82920635672877e+01,-8.70108902346024e+01,-7.28122403391073e+00,-2.75638617336042e+01
4.78630092322631e+03,-3.85711681043155e+01,-8.73018586168911e+01,-7.36077807700176e+00,-2.75742661990963e+01
4.89778819368439e+03,-3.88482128051002e+01,-8.75906069158783e+01,-7.43825167756044e+00,-2.75845416483998e+01
5.01187233627265e+03,-3.91232103001099e+01,-8.78771435572087e+01,-7.51365832735924e+00,-2.75946809208444e+01
5.12861383991357e+03,-3.93961755663777e+01,-8.81614796316431e+01,-7.58701382698443e+00,-2.76046772376313e+01
5.24807460249765e+03,-3.96671258295865e+01,-8.84436288268290e+01,-7.65833618932358e+00,-2.76145242256185e+01
5.37031796370244e+03,-3.99360804603451e+01,-8.87236073496887e+01,-7.72764553718127e+00,-2.76242159376869e+01
5.49540873857616e+03,-4.02030608653840e+01,-8.90014338400567e+01,-7.79496399579624e+00,-2.76337468696252e+01
5.62341325190340e+03,-4.04680903744176e+01,-8.92771292764699e+01,-7.86031558095114e+00,-2.76431119735870e+01
5.75439937337148e+03,-4.07311941234374e+01,-8.95507168747515e+01,-7.92372608346378e+00,-2.76523066681185e+01
5.88843655355580e+03,-4.09923989352045e+01,-8.98222219804045e+01,-7.98522295086772e+00,-2.76613268448671e+01
6.02559586074348e+03,-4.12517331977035e+01,-9.00916719555676e+01,-8.04483516695614e+00,-2.76701688720454e+01
6.16595001861473e+03,-4.15092267413107e+01,-9.03590960615169e+01,-8.10259313004473e+00,-2.76788295948424e+01
6.30957344480183e+03,-4.17649107154046e+01,-9.06245253375436e+01,-8.15852853060617e+00,-2.76873063328809e+01
6.45654229034645e+03,-4.20188174651241e+01,-9.08879924772255e+01,-8.21267422902395e+00,-2.76955968749782e+01
6.60693448007586e+03,-4.22709804089421e+01,-9.11495317027755e+01,-8.26506413409149e+00,-2.77036994713452e+01
6.76082975391971e+03,-4.25214339176853e+01,-9.14091786385194e+01,-8.31573308296521e+00,-2.77116128235106e+01
6.91830970918926e+03,-4.27702131955868e+01,-9.16669701841815e+01,-8.36471672307686e+00,-2.77193360721184e+01
7.07945784384127e+03,-4.30173541639108e+01,-9.19229443888191e+01,-8.41205139656454e+00,-2.77268687829134e+01
7.24435960074979e+03,-4.32628933476381e+01,-9.21771403261141e+01,-8.45777402778571e+00,-2.77342109310852e+01
7.41310241300906e+03,-4.35068677656528e+01,-9.24295979717006e+01,-8.50192201422770e+00,-2.77413628842367e+01
7.58577575029172e+03,-4.37493148248119e+01,-9.26803580831231e+01,-8.54453312130661e+00,-2.77483253841909e+01
7.76247116628679e+03,-4.39902722182333e+01,-9.29294620830072e+01,-8.58564538133547e+00,-2.77550995278936e+01
7.94328234724269e+03,-4.42297778280800e+01,-9.31769519459321e+01,-8.62529699695834e+00,-2.77616867475603e+01
8.12830516164086e+03,-4.44678696330698e+01,-9.34228700894163e+01,-8.66352624927022e+00,-2.77680887903595e+01
8.31763771102658e+03,-4.47045856208896e+01,-9.36672592694141e+01,-8.70037141081739e+00,-2.77743076977326e+01
8.51138038202363e+03,-4.49399637056458e+01,-9.39101624805837e+01,-8.73587066358764e+00,-2.77803457846087e+01
8.70963589956067e+03,-4.51740416504367e+01,-9.41516228616508e+01,-8.77006202211859e+00,-2.77862056186311e+01
8.91250938133731e+03,-4.54068569950924e+01,-9.43916836059333e+01,-8.80298326169989e+00,-2.77918899995540e+01
9.12010839355895e+03,-4.56384469890873e+01,-9.46303878773095e+01,-8.83467185177177e+00,-2.77974019389577e+01
9.33254300796976e+03,-4.58688485295950e+01,-9.48677787315839e+01,-8.86516489438050e+00,-2.78027446404010e+01
9.54992586021421e+03,-4.60980981046241e+01,-9.51038990433238e+01,-8.89449906773295e+00,-2.78079214800820e+01
9.77237220955795e+03,-4.63262317411425e+01,-9.53387914382240e+01,-8.92271057468228e+00,-2.78129359881568e+01
9.99999999999984e+03,-4.65532849580758e+01,-9.55724982307775e+01,-8.94983509607842e+00,-2.78177918307363e+01
1.02329299228074e+04,-4.67792927240384e+01,-9.58050613673852e+01,-8.97590774880068e+00,-2.78224927926575e+01
1.04712854805088e+04,-4.70042894196428e+01,-9.60365223745578e+01,-9.00096304837247e+00,-2.78270427610647e+01
1.07151930523759e+04,-4.72283088042122e+01,-9.62669223122302e+01,-9.02503487593601e+00,-2.78314457098534e+01
1.09647819614317e+04,-4.74513839867114e+01,-9.64963017318933e+01,-9.04815644940810e+00,-2.78357056849823e+01
1.12201845430195e+04,-4.76735474007001e+01,-9.67247006394113e+01,-9.07036029865387e+00,-2.78398267906920e+01
1.14815362149686e+04,-4.78948307831065e+01,-9.69521584622891e+01,-9.09167824445681e+00,-2.78438131766353e+01
1.17489755493951e+04,-4.81152651566117e+01,-9.71787140211148e+01,-9.11214138103900e+00,-2.78476690259044e+01
1.20226443461739e+04,-4.83348808154352e+01,-9.74044055050011e+01,-9.13178006202335e+00,-2.78513985439684e+01
1.23026877081236e+04,-4.85537073143101e+01,-9.76292704507520e+01,-9.15062388947405e+00,-2.78550059485017e+01
1.25892541179415e+04,-4.87717734604364e+01,-9.78533457253882e+01,-9.16870170597782e+00,-2.78584954600809e+01
1.28824955169311e+04,-4.89891073082046e+01,-9.80766675119894e+01,-9.18604158940674e+00,-2.78618712937247e+01
1.31825673855639e+04,-4.92057361564857e+01,-9.82992712983255e+01,-9.20267085026279e+00,-2.78651376512636e+01
1.34896288259163e+04,-4.94216865482856e+01,-9.85211918682202e+01,-9.21861603133656e+00,-2.78682987145079e+01
1.38038426460286e+04,-4.96369842725737e+01,-9.87424632952819e+01,-9.23390290952683e+00,-2.78713586391646e+01
1.41253754462273e+04,-4.98516543680947e+01,-9.89631189387152e+01,-9.24855649962651e+00,-2.78743215494891e+01
1.44543977074590e+04,-5.00657211289866e+01,-9.91831914410480e+01,-9.26260105988380e+00,-2.78771915336204e+01
1.47910838816818e+04,-5.02792081120313e+01,-9.94027127274351e+01,-9.27606009914596e+00,-2.78799726395950e+01
1.51356124843618e+04,-5.04921381453738e+01,-9.96217140063614e+01,-9.28895638549950e+00,-2.78826688719564e+01
1.54881661891246e+04,-5.07045333385553e+01,-9.98402257714369e+01,-9.30131195615832e+00,-2.78852841889517e+01
1.58489319246109e+04,-5.09164150937125e+01,-1.00058277804117e+02,-9.31314812849051e+00,-2.78878225003045e+01
1.62181009735890e+04,-5.11278041178044e+01,-1.00275899177101e+02,-9.32448551208326e+00,-2.78902876654544e+01
1.65958690743753e+04,-5.13387204357383e+01,-1.00493118258198e+02,-9.33534402163649e+00,-2.78926834923244e+01
1.69824365246172e+04,-5.15491834042714e+01,-1.00709962714482e+02,-9.34574289063671e+00,-2.78950137364935e+01
1.73780082874935e+04,-5.17592117265774e+01,-1.00926459516517e+02,-9.35570068566269e+00,-2.78972821008097e+01
1.77827941003889e+04,-5.19688234673722e+01,-1.01142634942511e+02,-9.36523532119052e+00,-2.78994922353739e+01
1.81970085860995e+04,-5.21780360685012e+01,-1.01358514582222e+02,-9.37436407488749e+00,-2.79016477378829e+01
1.86208713666284e+04,-5.23868663649011e+01,-1.01574123340460e+02,-9.38310360320052e+00,-2.79037521542976e+01
1.90546071796321e+04,-5.25953306008530e+01,-1.01789485440065e+02,-9.39146995724034e+00,-2.79058089798175e+01
1.94984459975801e+04,-5.28034444464518e+01,-1.02004624424256e+02,-9.39947859882576e+00,-2.79078216601312e+01
1.99526231496885e+04,-5.30112230142258e+01,-1.02219563158206e+02,-9.40714441665847e+00,-2.79097935929208e+01
2.04173794466949e+04,-5.32186808758433e+01,-1.02434323829776e+02,-9.41448174255759e+00,-2.79117281296149e+01
2.08929613085400e+04,-5.34258320788519e+01,-1.02648927949394e+02,-9.42150436767036e+00,-2.79136285773402e+01
2.13796208950220e+04,-5.36326901634004e+01,-1.02863396348900e+02,-9.42822555866709e+00,-2.79154982011145e+01
2.18776162394952e+04,-5.38392681788993e+01,-1.03077749179467e+02,-9.43465807378465e+00,-2.79173402261712e+01
2.23872113856830e+04,-5.40455787005808e+01,-1.03292005908490e+02,-9.44081417880427e+00,-2.79191578405263e+01
2.29086765276773e+04,-5.42516338459238e+01,-1.03506185315479e+02,-9.44670566278151e+00,-2.79209541976736e+01
2.34422881531988e+04,-5.44574452909146e+01,-1.03720305486999e+02,-9.45234385361468e+00,-2.79227324194329e+01
2.39883291901945e+04,-5.46630242861170e+01,-1.03934383810700e+02,-9.45773963336684e+00,-2.79244955989877e+01
2.45470891568499e+04,-5.48683816725300e+01,-1.04148436968480e+02,-9.46290345334724e+00,-2.79262468040378e+01
2.51188643150954e+04,-5.50735278972156e+01,-1.04362480928933e+02,-9.46784534889950e+00,-2.79279890801118e+01
2.57039578276882e+04,-5.52784730286802e+01,-1.04576530939155e+02,-9.47257495388462e+00,-2.79297254540180e+01
2.63026799189534e+04,-5.54832267720000e+01,-1.04790601516082e+02,-9.47710151491763e+00,-2.79314589374451e+01
2.69153480392687e+04,-5.56877984836787e+01,-1.05004706437487e+02,-9.48143390518893e+00,-2.79331925307080e+01
2.75422870333812e+04,-5.58921971862335e+01,-1.05218858732879e+02,-9.48558063806849e+00,-2.79349292266347e+01
2.81838293126441e+04,-5.60964315825032e+01,-1.05433070674469e+02,-9.48954988028992e+00,-2.79366720146203e+01
2.88403150312656e+04,-5.63005100696780e+01,-1.05647353768440e+02,-9.49334946485407e+00,-2.79384238848346e+01
2.95120922666633e+04,-5.65044407530497e+01,-1.05861718746782e+02,-9.49698690354866e+00,-2.79401878325952e+01
3.01995172040196e+04,-5.67082314594858e+01,-1.06076175559977e+02,-9.50046939916352e+00,-2.79419668629153e+01
3.09029543251354e+04,-5.69118897506287e+01,-1.06290733370752e+02,-9.50380385736532e+00,-2.79437639952451e+01
3.16227766016832e+04,-5.71154229358261e+01,-1.06505400549262e+02,-9.50699689819762e+00,-2.79455822684078e+01
3.23593656929623e+04,-5.73188380847995e+01,-1.06720184669969e+02,-9.51005486728768e+00,-2.79474247457039e+01
3.31131121482585e+04,-5.75221420400558e+01,-1.06935092510521e+02,-9.51298384669722e+00,-2.79492945203040e+01
3.38844156139197e+04,-5.77253414290524e+01,-1.07150130052945e+02,-9.51578966546202e+00,-2.79511947207812e+01
3.46736850452526e+04,-5.79284426761240e+01,-1.07365302487491e+02,-9.51847790980388e+00,-2.79531285169575e+01
3.54813389233569e+04,-5.81314520141810e+01,-1.07580614219315e+02,-9.52105393302320e+00,-2.79550991259426e+01
3.63078054770095e+04,-5.83343754961899e+01,-1.07796068878434e+02,-9.52352286509461e+00,-2.79571098184653e+01
3.71535229097166e+04,-5.85372190064483e+01,-1.08011669333116e+02,-9.52588962195765e+00,-2.79591639254608e+01
3.80189396320554e+04,-5.87399882716640e+01,-1.08227417706929e+02,-9.52815891452214e+00,-2.79612648449420e+01
3.89045144994274e+04,-5.89426888718520e+01,-1.08443315399756e+02,-9.53033525734630e+00,-2.79634160491541e+01
3.98107170553490e+04,-5.91453262510606e+01,-1.08659363112851e+02,-9.53242297711495e+00,-2.79656210920350e+01
4.07380277804105e+04,-5.93479057279406e+01,-1.08875560878154e+02,-9.53442622077332e+00,-2.79678836169759e+01
4.16869383470328e+04,-5.95504325061688e+01,-1.09091908091920e+02,-9.53634896341445e+00,-2.79702073648869e+01
4.26579518801585e+04,-5.97529116847408e+01,-1.09308403552715e+02,-9.53819501595838e+00,-2.79725961825931e+01
4.36515832240158e+04,-5.99553482681444e+01,-1.09525045503792e+02,-9.53996803249854e+00,-2.79750540315411e+01
4.46683592150955e+04,-6.01577471764286e+01,-1.09741831679820e+02,-9.54167151749047e+00,-2.79775849968262e+01
4.57088189614867e+04,-6.03601132551811e+01,-1.09958759357802e+02,-9.54330883264492e+00,-2.79801932965572e+01
4.67735141287190e+04,-6.05624512854267e+01,-1.10175825412101e+02,-9.54488320361801e+00,-2.79828832915379e+01
4.78630092322630e+04,-6.07647659934636e+01,-1.10393026373293e+02,-9.54639772647448e+00,-2.79856594952681e+01
4.89778819368437e+04,-6.09670620606468e+01,-1.10610358490682e+02,-9.54785537395029e+00,-2.79885265842909e+01
5.01187233627263e+04,-6.11693441331373e+01,-1.10827817798067e+02,-9.54925900146602e+00,-2.79914894088291e+01
5.12861383991355e+04,-6.13716168316278e+01,-1.11045400182464e+02,-9.55061135298114e+00,-2.79945530037715e+01
5.24807460249763e+04,-6.15738847610612e+01,-1.11263101455418e+02,-9.55191506660619e+00,-2.79977225999429e+01
5.37031796370243e+04,-6.17761525203558e+01,-1.11480917426410e+02,-9.55317268005681e+00,-2.80010036357123e+01
5.49540873857614e+04,-6.19784247121524e+01,-1.11698843977955e+02,-9.55438663590368e+00,-2.80044017688730e+01
5.62341325190339e+04,-6.21807059525985e+01,-1.11916877141903e+02,-9.55555928662459e+00,-2.80079228888484e+01
5.75439937337146e+04,-6.23830008811857e+01,-1.12135013176447e+02,-9.55669289949196e+00,-2.80115731291733e+01
5.88843655355578e+04,-6.25853141706554e+01,-1.12353248643320e+02,-9.55778966128800e+00,-2.80153588802628e+01
6.02559586074346e+04,-6.27876505369907e+01,-1.12571580484777e+02,-9.55885168282054e+00,-2.80192868024692e+01
6.16595001861471e+04,-6.29900147495109e+01,-1.12790006099698e+02,-9.55988100330872e+00,-2.80233638393947e+01
6.30957344480181e+04,-6.31924116410871e+01,-1.13008523418556e+02,-9.56087959458067e+00,-2.80275972314988e+01
6.45654229034643e+04,-6.33948461184964e+01,-1.13227130976644e+02,-9.56184936510079e+00,-2.80319945299435e+01
6.60693448007584e+04,-6.35973231729347e+01,-1.13445827985225e+02,-9.56279216388015e+00,-2.80365636107043e+01
6.76082975391969e+04,-6.37998478907091e+01,-1.13664614400172e+02,-9.56370978417665e+00,-2.80413126889313e+01
6.91830970918923e+04,-6.40024254641276e+01,-1.13883490987834e+02,-9.56460396711303e+00,-2.80462503335703e+01
7.07945784384124e+04,-6.42050612026123e+01,-1.14102459387757e+02,-9.56547640507899e+00,-2.80513854821854e+01
7.24435960074976e+04,-6.44077605440548e+01,-1.14321522172096e+02,-9.56632874504967e+00,-2.80567274560673e+01
7.41310241300903e+04,-6.46105290664405e+01,-1.14540682901428e+02,-9.56716259173009e+00,-2.80622859755212e+01
7.58577575029169e+04,-6.48133724997648e+01,-1.14759946176943e+02,-9.56797951057350e+00,-2.80680711754079e+01
7.76247116628677e+04,-6.50162967382684e+01,-1.14979317688829e+02,-9.56878103065641e+00,-2.80740936208795e+01
7.94328234724266e+04,-6.52193078530183e+01,-1.15198804260888e+02,-9.56956864745566e+00,-2.80803643233155e+01
8.12830516164084e+04,-6.54224121048628e+01,-1.15418413891311e+02,-9.57034382544792e+00,-2.80868947564768e+01
8.31763771102655e+04,-6.56256159577914e+01,-1.15638155789770e+02,-9.57110800063365e+00,-2.80936968727956e+01
8.51138038202360e+04,-6.58289260927292e+01,-1.15858040410862e+02,-9.57186258289697e+00,-2.81007831198591e+01
8.70963589956064e+04,-6.60323494218005e+01,-1.16078079484078e+02,-9.57260895826902e+00,-2.81081664570262e+01
8.91250938133728e+04,-6.62358931030942e+01,-1.16298286040444e+02,-9.57334849106135e+00,-2.81158603721608e+01
9.12010839355892e+04,-6.64395645559684e+01,-1.16518674436122e+02,-9.57408252589695e+00,-2.81238788984749e+01
9.33254300796973e+04,-6.66433714769320e+01,-1.16739260373053e+02,-9.57481238959055e+00,-2.81322366314219e+01
9.54992586021417e+04,-6.68473218561427e+01,-1.16960060917093e+02,-9.57553939293689e+00,-2.81409487456402e+01
9.77237220955792e+04,-6.70514239945640e+01,-1.17181094513714e+02,-9.57626483239682e+00,-2.81500310118632e+01
9.99999999999980e+04,-6.72556865218258e+01,-1.17402381001693e+02,-9.57698999162236e+00,-2.81594998138229e+01
1.02329299228073e+05,-6.74601184148351e+01,-1.17623941624999e+02,-9.57771614290419e+00,-2.81693721649981e+01
1.04712854805088e+05,-6.76647290171877e+01,-1.17845799043177e+02,-9.57844454848494e+00,-2.81796657252442e+01
1.07151930523759e+05,-6.78695280594313e+01,-1.18067977340481e+02,-9.57917646174211e+00,-2.81903988171879e+01
1.09647819614316e+05,-6.80745256802385e+01,-1.18290502034100e+02,-9.57991312828285e+00,-2.82015904423296e+01
1.12201845430194e+05,-6.82797324485480e+01,-1.18513400081642e+02,-9.58065578686183e+00,-2.82132602967605e+01
1.14815362149686e+05,-6.84851593867366e+01,-1.18736699888195e+02,-9.58140567022608e+00,-2.82254287864650e+01
1.17489755493951e+05,-6.86908179948913e+01,-1.18960431313126e+02,-9.58216400579274e+00,-2.82381170420140e+01
1.20226443461739e+05,-6.88967202762526e+01,-1.19184625676936e+02,-9.58293201620721e+00,-2.82513469326586e+01
1.23026877081236e+05,-6.91028787639066e+01,-1.19409315768202e+02,-9.58371091976101e+00,-2.82651410796263e+01
1.25892541179414e+05,-6.93093065488092e+01,-1.19634535850955e+02,-9.58450193067019e+00,-2.82795228685389e+01
1.28824955169311e+05,-6.95160173092307e+01,-1.19860321672499e+02,-9.58530625919916e+00,-2.82945164608319e+01
1.31825673855638e+05,-6.97230253417187e+01,-1.20086710471884e+02,-9.58612511163620e+00,-2.83101468040027e+01
1.34896288259163e+05,-6.99303455936801e+01,-1.20313740989118e+02,-9.58695969012576e+00,-2.83264396405630e+01
1.38038426460286e+05,-7.01379936976960e+01,-1.20541453475210e+02,-9.58781119231664e+00,-2.83434215155657e+01
1.41253754462273e+05,-7.03459860076893e+01,-1.20769889703113e+02,-9.58868081085338e+00,-2.83611197824678e+01
1.44543977074590e+05,-7.05543396370759e+01,-1.20999092979634e+02,-9.58956973272064e+00,-2.83795626072427e+01
1.47910838816818e+05,-7.07630724990410e+01,-1.21229108158370e+02,-9.59047913837104e+00,-2.83987789705045e+01
1.51356124843618e+05,-7.09722033490957e+01,-1.21459981653675e+02,-9.59141020069766e+00,-2.84187986674716e+01
1.54881661891245e+05,-7.11817518300783e+01,-1.21691761455685e+02,-9.59236408383993e+00,-2.84396523056027e+01
1.58489319246108e+05,-7.13917385197860e+01,-1.21924497146512e+02,-9.59334194175899e+00,-2.84613712996529e+01
1.62181009735890e+05,-7.16021849814327e+01,-1.22158239917452e+02,-9.59434491668304e+00,-2.84839878640021e+01
1.65958690743753e+05,-7.18131138171503e+01,-1.22393042587442e+02,-9.59537413731345e+00,-2.85075350020240e+01
1.69824365246171e+05,-7.20245487247690e+01,-1.22628959622651e+02,-9.59643071688548e+00,-2.85320464922609e+01
1.73780082874934e+05,-7.22365145581364e+01,-1.22866047157299e+02,-9.59751575100458e+00,-2.85575568712754e+01
1.77827941003889e+05,-7.24490373912557e+01,-1.23104363015807e+02,-9.59863031534340e+00,-2.85841014128757e+01
1.81970085860995e+05,-7.26621445865527e+01,-1.23343966736316e+02,-9.59977546312182e+00,-2.86117161035968e+01
1.86208713666283e+05,-7.28758648676117e+01,-1.23584919595729e+02,-9.60095222244788e+00,-2.86404376141891e+01
1.90546071796321e+05,-7.30902283967495e+01,-1.23827284636401e+02,-9.60216159346285e+00,-2.86703032669596e+01
1.94984459975800e+05,-7.33052668578366e+01,-1.24071126694723e+02,-9.60340454538311e+00,-2.87013509987637e+01
1.99526231496884e+05,-7.35210135448124e+01,-1.24316512431829e+02,-9.60468201335910e+00,-2.87336193195313e+01
2.04173794466949e+05,-7.37375034563873e+01,-1.24563510366710e+02,-9.60599489524747e+00,-2.87671472661263e+01
2.08929613085400e+05,-7.39547733974716e+01,-1.24812190912177e+02,-9.60734404827363e+00,-2.88019743514886e+01
2.13796208950219e+05,-7.41728620879285e+01,-1.25062626414094e+02,-9.60873028560493e+00,-2.88381405088944e+01
2.18776162394951e+05,-7.43918102793070e+01,-1.25314891194423e+02,-9.61015437287724e+00,-2.88756860313187e+01
2.23872113856829e+05,-7.46116608802789e+01,-1.25569061598744e+02,-9.61161702471298e+00,-2.89146515058316e+01
2.29086765276772e+05,-7.48324590915800e+01,-1.25825216049010e+02,-9.61311890121437e+00,-2.89550777430264e+01
2.34422881531987e+05,-7.50542525513376e+01,-1.26083435102410e+02,-9.61466060451236e+00,-2.89970057015616e+01
2.39883291901944e+05,-7.52770914917624e+01,-1.26343801517369e+02,-9.61624267540342e+00,-2.90404764077972e+01
2.45470891568498e+05,-7.55010289082873e+01,-1.26606400327833e+02,-9.61786559005052e+00,-2.90855308707481e+01
2.51188643150953e+05,-7.57261207423513e+01,-1.26871318927232e+02,-9.61952975691070e+00,-2.91322099924629e+01
2.57039578276881e+05,-7.59524260791633e+01,-1.27138647163557e+02,-9.62123551379723e+00,-2.91805544740412e+01
2.63026799189533e+05,-7.61800073619247e+01,-1.27408477447425e+02,-9.62298312522307e+00,-2.92306047175879e+01
2.69153480392686e+05,-7.64089306241625e+01,-1.27680904874920e+02,-9.62477277999802e+00,-2.92824007244042e+01
2.75422870333811e+05,-7.66392657420106e+01,-1.27956027367612e+02,-9.62660458920521e+00,-2.93359819897590e+01
2.81838293126439e+05,-7.68710867084977e+01,-1.28233945832052e+02,-9.62847858449687e+00,-2.93913873947419e+01
2.88403150312654e+05,-7.71044719321415e+01,-1.28514764341706e+02,-9.63039471687815e+00,-2.94486550955756e+01
2.95120922666632e+05,-7.73395045624311e+01,-1.28798590344369e+02,-9.63235285590121e+00,-2.95078224109907e+01
3.01995172040195e+05,-7.75762728451002e+01,-1.29085534898592e+02,-9.63435278941617e+00,-2.95689257081972e+01
3.09029543251352e+05,-7.78148705104574e+01,-1.29375712943124e+02,-9.63639422383364e+00,-2.96320002880797e+01
3.16227766016831e+05,-7.80553971984666e+01,-1.29669243603729e+02,-9.63847678498719e+00,-2.96970802702956e+01
3.23593656929621e+05,-7.82979589247534e+01,-1.29966250542340e+02,-9.64060001960701e+00,-2.97641984789323e+01
3.31131121482584e+05,-7.85426685922770e+01,-1.30266862354163e+02,-9.64276339743229e+00,-2.98333863294834e+01
3.38844156139195e+05,-7.87896465540595e+01,-1.30571213018938e+02,-9.64496631395200e+00,-2.99046737178702e+01
3.46736850452524e+05,-7.90390212331239e+01,-1.30879442413454e+02,-9.64720809386663e+00,-2.99780889122706e+01
3.54813389233568e+05,-7.92909298066765e+01,-1.31191696893205e+02,-9.64948799515025e+00,-3.00536584485578e+01
3.63078054770093e+05,-7.95455189626075e+01,-1.31508129952294e+02,-9.65180521384602e+00,-3.01314070300416e+01
3.71535229097164e+05,-7.98029457375967e+01,-1.31828902971724e+02,-9.65415888946115e+00,-3.02113574323414e+01
3.80189396320553e+05,-8.00633784475506e+01,-1.32154186067793e+02,-9.65654811104476e+00,-3.02935304140848e+01
3.89045144994272e+05,-8.03269977227840e+01,-1.32484159053910e+02,-9.65897192381043e+00,-3.03779446341457e+01
3.98107170553488e+05,-8.05939976623743e+01,-1.32819012531191e+02,-9.66142933638402e+00,-3.04646165760796e+01
4.07380277804104e+05,-8.08645871245050e+01,-1.33158949125454e+02,-9.66391932853347e+00,-3.05535604803635e+01
4.16869383470326e+05,-8.11389911724741e+01,-1.33504184891148e+02,-9.66644085936353e+00,-3.06447882850055e+01
4.26579518801583e+05,-8.14174526994668e+01,-1.33854950906083e+02,-9.66899287592836e+00,-3.07383095750285e+01
4.36515832240156e+05,-8.17002342593225e+01,-1.34211495084879e+02,-9.67157432215324e+00,-3.08341315411675e+01
4.46683592150953e+05,-8.19876201355177e+01,-1.34574084243890e+02,-9.67418414804688e+00,-3.09322589482301e+01
4.57088189614865e+05,-8.22799186866447e+01,-1.34943006456564e+02,-9.67682131903479e+00,-3.10326941132479e+01
4.67735141287188e+05,-8.25774650140740e+01,-1.35318573745264e+02,-9.67948482543156e+00,-3.11354368936559e+01
4.78630092322628e+05,-8.28806240065645e+01,-1.35701125164622e+02,-9.68217369189095e+00,-3.12404846855292e+01
4.89778819368435e+05,-8.31897938277776e+01,-1.36091030342741e+02,-9.68488698676478e+00,-3.13478324318552e+01
5.01187233627261e+05,-8.35054099265323e+01,-1.36488693560094e+02,-9.68762383129191e+00,-3.14574726407163e+01
5.12861383991353e+05,-8.38279496669472e+01,-1.36894558463331e+02,-9.69038340852271e+00,-3.15693954131433e+01
5.24807460249761e+05,-8.41579376973262e+01,-1.37309113532741e+02,-9.69316497185948e+00,-3.16835884803922e+01
5.37031796370241e+05,-8.44959522040718e+01,-1.37732898449425e+02,-9.69596785317542e+00,-3.18000372501769e+01
5.49540873857612e+05,-8.48426322317768e+01,-1.38166511543027e+02,-9.69879147039991e+00,-3.19187248614323e+01
5.62341325190336e+05,-8.51986862953070e+01,-1.38610618545376e+02,-9.70163533451202e+00,-3.20396322470526e+01
5.75439937337144e+05,-8.55649025673338e+01,-1.39065962932961e+02,-9.70449905582778e+00,-3.21627382039678e+01
5.88843655355575e+05,-8.59421609997966e+01,-1.39533378216009e+02,-9.70738234959203e+00,-3.22880194699557e+01
6.02559586074344e+05,-8.63314478362525e+01,-1.40013802630478e+02,-9.71028504072000e+00,-3.24154508063422e+01
6.16595001861468e+05,-8.67338731025734e+01,-1.40508296819469e+02,-9.71320706773400e+00,-3.25450050860038e+01
6.30957344480179e+05,-8.71506918380852e+01,-1.41018065265224e+02,-9.71614848579467e+00,-3.26766533857059e+01
6.45654229034641e+05,-8.75833300654516e+01,-1.41544482469087e+02,-9.71910946876060e+00,-3.28103650821205e+01
6.60693448007581e+05,-8.80334168207446e+01,-1.42089125199637e+02,-9.72209031034698e+00,-3.29461079505661e+01
6.76082975391966e+05,-8.85028240126162e+01,-1.42653812576831e+02,-9.72509142426695e+00,-3.30838482657764e+01
6.91830970918920e+05,-8.89937165073085e+01,-1.43240656387656e+02,-9.72811334337345e+00,-3.32235509037874e+01
7.07945784384122e+05,-8.95086157295454e+01,-1.43852124922056e+02,-9.73115671780823e+00,-3.33651794441799e+01
7.24435960074973e+05,-9.00504813597841e+01,-1.44491124908249e+02,-9.73422231212030e+00,-3.35086962719212e+01
7.41310241300900e+05,-9.06228176028542e+01,-1.45161108021226e+02,-9.73731100140979e+00,-3.36540626780006e+01
7.58577575029166e+05,-9.12298133333534e+01,-1.45866211268279e+02,-9.74042376641488e+00,-3.38012389582428e+01
7.76247116628674e+05,-9.18765297305485e+01,-1.46611444863054e+02,-9.74356168767634e+00,-3.39501845095184e+01
7.94328234724263e+05,-9.25691557003447e+01,-1.47402947884157e+02,-9.74672593867387e+00,-3.41008579228430e+01
8.12830516164080e+05,-9.33153619682753e+01,-1.48248342600998e+02,-9.74991777802222e+00,-3.42532170726965e+01
8.31763771102652e+05,-9.41248018322801e+01,-1.49157235454132e+02,-9.75313854077322e+00,-3.44072192021036e+01
8.51138038202357e+05,-9.50098347022330e+01,-1.50141940815772e+02,-9.75638962872761e+00,-3.45628210030228e+01
8.70963589956060e+05,-9.59865953758917e+01,-1.51218550478756e+02,-9.75967249994850e+00,-3.47199786915405e+01
8.91250938133724e+05,-9.70766094220588e+01,-1.52408549243465e+02,-9.76298865736051e+00,-3.48786480776620e+01
9.12010839355888e+05,-9.83092757127332e+01,-1.53741297643207e+02,-9.76633963655354e+00,-3.50387846292656e+01
9.33254300796969e+05,-9.97256796220145e+01,-1.55257845324617e+02,-9.76972699279262e+00,-3.52003435300889e+01
9.54992586021413e+05,-1.01384091734637e+02,-1.57016429924820e+02,-9.77315228726033e+00,-3.53632797314923e+01
9.77237220955787e+05,-1.03365315740889e+02,-1.59097825121041e+02,-9.77661707258122e+00,-3.55275479978981e+01
9.99999999999976e+05,-1.05760132895366e+02,-1.61592785229073e+02,-9.78012287767339e+00,-3.56931029458519e+01
1.02329299228073e+06,-1.08519720575134e+02,-1.64452463885358e+02,-9.78367119194139e+00,-3.58598990766148e+01
1.04712854805087e+06,-1.10664842548858e+02,-1.66697604423379e+02,-9.78726344890614e+00,-3.60278908024026e+01
1.07151930523758e+06,-1.09967929461984e+02,-1.66100620448720e+02,-9.79090100924097e+00,-3.61970324662272e+01
1.09647819614316e+06,-1.07321767352702e+02,-1.63554284427018e+02,-9.79458514336910e+00,-3.63672783555930e+01
1.12201845430194e+06,-1.04692679162150e+02,-1.61024909247691e+02,-9.79831701359964e+00,-3.65385827100491e+01
1.14815362149686e+06,-1.02492612154072e+02,-1.58924435678372e+02,-9.80209765588988e+00,-3.67108997229537e+01
1.17489755493950e+06,-1.00669114546195e+02,-1.57200409012022e+02,-9.80592796134540e+00,-3.68841835375607e+01
1.20226443461738e+06,-9.91307579984085e+01,-1.55761401551736e+02,-9.80980865745260e+00,-3.70583882377627e+01
1.23026877081235e+06,-9.78067936965109e+01,-1.54536668672007e+02,-9.81374028923868e+00,-3.72334678338274e+01
1.25892541179414e+06,-9.66471287288998e+01,-1.53476125153963e+02,-9.81772320033989e+00,-3.74093762433709e+01
1.28824955169310e+06,-9.56162899842264e+01,-1.52544309022903e+02,-9.82175751418324e+00,-3.75860672680608e+01
1.31825673855638e+06,-9.46886508618866e+01,-1.51715608180353e+02,-9.82584311531219e+00,-3.77634945663627e+01
1.34896288259162e+06,-9.38452547210161e+01,-1.50971083756890e+02,-9.82997963100708e+00,-3.79416116228009e+01
1.38038426460285e+06,-9.30717549625217e+01,-1.50296410080847e+02,-9.83416641337555e+00,-3.81203717141879e+01
1.41253754462272e+06,-9.23570661960610e+01,-1.49680525715628e+02,-9.83840252195004e+00,-3.82997278732950e+01
1.44543977074589e+06,-9.16924631075012e+01,-1.49114732181955e+02,-9.84268670703545e+00,-3.84796328504639e+01
1.47910838816817e+06,-9.10709646981144e+01,-1.48592078037349e+02,-9.84701739389772e+00,-3.86600390736733e+01
1.51356124843617e+06,-9.04869040785111e+01,-1.48106928496827e+02,-9.85139266796827e+00,-3.88408986076458e+01
1.54881661891244e+06,-8.99356215715477e+01,-1.47654658350237e+02,-9.85581026124553e+00,-3.90221631124600e+01
1.58489319246107e+06,-8.94132415399747e+01,-1.47231428593245e+02,-9.86026754003874e+00,-3.92037838023026e+01
1.62181009735889e+06,-8.89165072311002e+01,-1.46834021065454e+02,-9.86476149422463e+00,-3.93857114049047e+01
1.65958690743752e+06,-8.84426565926974e+01,-1.46459714051315e+02,-9.86928872816708e+00,-3.95678961222275e+01
1.69824365246170e+06,-8.79893275321406e+01,-1.46106187317193e+02,-9.87384545354914e+00,-3.97502875929569e+01
1.73780082874933e+06,-8.75544846766401e+01,-1.45771448643856e+02,-9.87842748414058e+00,-3.99328348574102e+01
1.77827941003888e+06,-8.71363620678931e+01,-1.45453776289229e+02,-9.88303023276448e+00,-4.01154863253916e+01
1.81970085860994e+06,-8.67334178267335e+01,-1.45151673418451e+02,-9.88764871057324e+00,-4.02981897474827e+01
1.86208713666282e+06,-8.63442979224994e+01,-1.44863831637456e+02,-9.89227752874570e+00,-4.04808921904338e+01
1.90546071796320e+06,-8.59678069477910e+01,-1.44589101532259e+02,-9.89691090273178e+00,-4.06635400169670e+01
1.94984459975800e+06,-8.56028843409350e+01,-1.44326468657736e+02,-9.90154265917358e+00,-4.08460788706346e+01
1.99526231496883e+06,-8.52485848867378e+01,-1.44075033807947e+02,-9.90616624548749e+00,-4.10284536660151e+01
2.04173794466948e+06,-8.49040626079926e+01,-1.43833996681906e+02,-9.91077474231776e+00,-4.12106085847999e+01
2.08929613085399e+06,-8.45685573672729e+01,-1.43602642265724e+02,-9.91536087869990e+00,-4.13924870779684e+01
2.13796208950218e+06,-8.42413836523525e+01,-1.43380329405778e+02,-9.91991705010561e+00,-4.15740318744632e+01
2.18776162394950e+06,-8.39219211340017e+01,-1.43166481162973e+02,-9.92443533926707e+00,-4.17551849965770e+01
2.23872113856828e+06,-8.36096066723751e+01,-1.42960576625482e+02,-9.92890753969000e+00,-4.19358877822802e+01
2.29086765276772e+06,-8.33039275150573e+01,-1.42762143924172e+02,-9.93332518190525e+00,-4.21160809145729e+01
2.34422881531986e+06,-8.30044154814014e+01,-1.42570754246384e+02,-9.93767956218372e+00,-4.22957044580691e+01
2.39883291901943e+06,-8.27106419678632e+01,-1.42386016683684e+02,-9.94196177373166e+00,-4.24746979026780e+01
2.45470891568497e+06,-8.24222136404175e+01,-1.42207573780535e+02,-9.94616274009760e+00,-4.26530002144928e+01
2.51188643150952e+06,-8.21387687048968e+01,-1.42035097675405e+02,-9.95027325065253e+00,-4.28305498937639e+01
2.57039578276880e+06,-8.18599736657417e+01,-1.41868286745417e+02,-9.95428399791450e+00,-4.30072850397548e+01
2.63026799189532e+06,-8.15855204993617e+01,-1.41706862681182e+02,-9.95818561650489e+00,-4.31831434223508e+01
2.69153480392685e+06,-8.13151241809247e+01,-1.41550567930997e+02,-9.96196872344103e+00,-4.33580625601567e+01
2.75422870333810e+06,-8.10485205136079e+01,-1.41399163463605e+02,-9.96562395955754e+00,-4.35319798047826e+01
2.81838293126438e+06,-8.07854642176390e+01,-1.41252426806931e+02,-9.96914203175917e+00,-4.37048324309262e+01
2.88403150312653e+06,-8.05257272432451e+01,-1.41110150326815e+02,-9.97251375578060e+00,-4.38765577319720e+01
2.95120922666631e+06,-8.02690972771945e+01,-1.40972139715245e+02,-9.97573009922990e+00,-4.40470931206611e+01
3.01995172040194e+06,-8.00153764172269e+01,-1.40838212661992e+02,-9.97878222458478e+00,-4.42163762342282e+01
3.09029543251351e+06,-7.97643799924742e+01,-1.40708197687307e+02,-9.98166153186360e+00,-4.43843450438450e+01
3.16227766016830e+06,-7.95159355111609e+01,-1.40581933116347e+02,-9.98435970066560e+00,-4.45509379675545e+01
3.23593656929620e+06,-7.92698817195319e+01,-1.40459266178550e+02,-9.98686873136966e+00,-4.47160939863524e+01
3.31131121482583e+06,-7.90260677581908e+01,-1.40340052217305e+02,-9.98918098514085e+00,-4.48797527628913e+01
3.38844156139194e+06,-7.87843524039212e+01,-1.40224153997054e+02,-9.99128922254005e+00,-4.50418547621680e+01
3.46736850452523e+06,-7.85446033866572e+01,-1.40111441096457e+02,-9.99318664052640e+00,-4.52023413737048e+01
3.54813389233566e+06,-7.83066967726351e+01,-1.40001789377529e+02,-9.99486690752694e+00,-4.53611550347142e+01
3.63078054770092e+06,-7.80705164059090e+01,-1.39895080521772e+02,-9.99632419650755e+00,-4.55182393535476e+01
3.71535229097163e+06,-7.78359534014140e+01,-1.39791201625227e+02,-9.99755321571765e+00,-4.56735392329777e+01
3.80189396320551e+06,-7.76029056836051e+01,-1.39690044845221e+02,-9.99854923702580e+00,-4.58270009927316e+01
3.89045144994271e+06,-7.73712775654407e+01,-1.39591507092256e+02,-9.99930812165248e+00,-4.59785724906526e+01
3.98107170553487e+06,-7.71409793631085e+01,-1.39495489761135e+02,-9.99982634316490e+00,-4.61282032420000e+01
4.07380277804102e+06,-7.69119270424452e+01,-1.39401898495973e+02,-1.00001010076256e+01,-4.62758445361140e+01
4.16869383470325e+06,-7.66840418934753e+01,-1.39310642984212e+02,-1.00001298707429e+01,-4.64214495503447e+01
4.26579518801582e+06,-7.64572502299126e+01,-1.39221636775234e+02,-9.99991135200122e+00,-4.65649734600223e+01
4.36515832240155e+06,-7.62314831108302e+01,-1.39134797119562e+02,-9.99944454560745e+00,-4.67063735444899e+01
4.46683592150952e+06,-7.60066760820227e+01,-1.39050044825024e+02,-9.99872922827417e+00,-4.68456092883002e+01
4.57088189614863e+06,-7.57827689348640e+01,-1.38967304126583e+02,-9.99776586371636e+00,-4.69826424772065e+01
4.67735141287186e+06,-7.55597054807129e+01,-1.38886502566909e+02,-9.99655560388977e+00,-4.71174372882943e+01
4.78630092322626e+06,-7.53374333391337e+01,-1.38807570885031e+02,-9.99510028688752e+00,-4.72499603738073e+01
4.89778819368433e+06,-7.51159037383959e+01,-1.38730442910727e+02,-9.99340243153861e+00,-4.73801809381027e+01
5.01187233627259e+06,-7.48950713268891e+01,-1.38655055462610e+02,-9.99146522870406e+00,-4.75080708073379e+01
5.12861383991351e+06,-7.46748939942475e+01,-1.38581348248079e+02,-9.98929252924232e+00,-4.76336044913845e+01
5.24807460249759e+06,-7.44553327011143e+01,-1.38509263763634e+02,-9.98688882879371e+00,-4.77567592374962e+01
5.37031796370239e+06,-7.42363513166081e+01,-1.38438747194242e+02,-9.98425924932603e+00,-4.78775150754578e+01
5.49540873857610e+06,-7.40179164626698e+01,-1.38369746310707e+02,-9.98140951760312e+00,-4.79958548537720e+01
5.62341325190334e+06,-7.37999973645698e+01,-1.38302211364227e+02,-9.97834594060865e+00,-4.81117642667302e+01
5.75439937337142e+06,-7.35825657069610e+01,-1.38236094977507e+02,-9.97507537812939e+00,-4.82252318718628e+01
5.88843655355574e+06,-7.33655954949471e+01,-1.38171352032023e+02,-9.97160521253321e+00,-4.83362490979863e+01
6.02559586074342e+06,-7.31490629197242e+01,-1.38107939551227e+02,-9.96794331596681e+00,-4.84448102433183e+01
6.16595001861466e+06,-7.29329462284267e+01,-1.38045816579615e+02,-9.96409801520552e+00,-4.85509124638361e+01
6.30957344480177e+06,-7.27172255978855e+01,-1.37984944057807e+02,-9.96007805421119e+00,-4.86545557520257e+01
6.45654229034638e+06,-7.25018830120669e+01,-1.37925284693856e+02,-9.95589255480733e+00,-4.87557429057473e+01
6.60693448007579e+06,-7.22869021430253e+01,-1.37866802831204e+02,-9.95155097558099e+00,-4.88544794876511e+01
6.76082975391964e+06,-7.20722682352550e+01,-1.37809464313763e+02,-9.94706306936529e+00,-4.89507737753313e+01
6.91830970918918e+06,-7.18579679933776e+01,-1.37753236348708e+02,-9.94243883953866e+00,-4.90446367024525e+01
7.07945784384119e+06,-7.16439894731434e+01,-1.37698087367643e+02,-9.93768849547467e+00,-4.91360817913970e+01
7.24435960074971e+06,-7.14303219757640e+01,-1.37643986886873e+02,-9.93282240742371e+00,-4.92251250774521e+01
7.41310241300898e+06,-7.12169559456251e+01,-1.37590905367522e+02,-9.92785106117892e+00,-4.93117850256998e+01
7.58577575029164e+06,-7.10038828714556e+01,-1.37538814076278e+02,-9.92278501280428e+00,-4.93960824404124e+01
7.76247116628671e+06,-7.07910951910451e+01,-1.37487684947551e+02,-9.91763484383060e+00,-4.94780403682611e+01
7.94328234724260e+06,-7.05785861996239e+01,-1.37437490447811e+02,-9.91241111712142e+00,-4.95576839952833e+01
8.12830516164078e+06,-7.03663499620184e+01,-1.37388203442842e+02,-9.90712433383211e+00,-4.96350405389675e+01
8.31763771102649e+06,-7.01543812287064e+01,-1.37339797068622e+02,-9.90178489171946e+00,-4.97101391355432e+01
8.51138038202354e+06,-6.99426753558890e+01,-1.37292244606465e+02,-9.89640304504733e+00,-4.97830107237784e+01
8.70963589956057e+06,-6.97312282296910e+01,-1.37245519363017e+02,-9.89098886644464e+00,-4.98536879253172e+01
8.91250938133722e+06,-6.95200361945889e+01,-1.37199594555621e+02,-9.88555221085855e+00,-4.99222049229915e+01
9.12010839355885e+06,-6.93090959861509e+01,-1.37154443203480e+02,-9.88010268190876e+00,-4.99885973375254e+01
9.33254300796966e+06,-6.90984046681551e+01,-1.37110038024981e+02,-9.87464960075685e+00,-5.00529021029533e+01
9.54992586021410e+06,-6.88879595741269e+01,-1.37066351341441e+02,-9.86920197769017e+00,-5.01151573422768e+01
9.77237220955784e+06,-6.86777582533183e+01,-1.37023354987464e+02,-9.86376848655542e+00,-5.01754022434059e+01
1.00000000000000e+07,-6.84677984211213e+01,-1.36981020228009e+02,-9.85835744207106e+00,-5.02336769359132e+01
