#vsg,Id(M1),d(Id(M1))
3.667000000000000e+00,-1.000000000000007e-14,-4.081259999999551e-04
3.668000000000000e+00,-4.081260099999101e-07,-8.162519999999102e-04
3.669000000000000e+00,-1.632504009999641e-06,-1.632503999999820e-03
3.670000000000000e+00,-3.673134009999191e-06,-2.448755999999731e-03
3.671000000000000e+00,-6.530016009998562e-06,-3.265007999999640e-03
3.672000000000000e+00,-1.020315000999775e-05,-4.081259999999551e-03
3.673000000000000e+00,-1.469253600999677e-05,-4.897511999999461e-03
3.673999999999999e+00,-1.999817400999560e-05,-5.713763999999371e-03
3.674999999999999e+00,-2.612006400999425e-05,-6.530015999999283e-03
3.675999999999999e+00,-3.305820600999272e-05,-7.346267999999191e-03
3.676999999999999e+00,-4.081260000999101e-05,-8.162519999999103e-03
3.677999999999999e+00,-4.938324600998913e-05,-8.978771999999016e-03
3.678999999999999e+00,-5.877014400998707e-05,-9.795023999998924e-03
3.679999999999999e+00,-6.897329400998482e-05,-1.061127599999883e-02
3.680999999999999e+00,-7.999269600998238e-05,-1.142752799999874e-02
3.681999999999999e+00,-9.182835000997978e-05,-1.224377999999866e-02
3.682999999999998e+00,-1.044802560099770e-04,-1.306003199999857e-02
3.683999999999998e+00,-1.179484140099740e-04,-1.387628399999847e-02
3.684999999999998e+00,-1.322328240099709e-04,-1.469253599999837e-02
3.685999999999998e+00,-1.473334860099675e-04,-1.550878799999829e-02
3.686999999999998e+00,-1.632504000099640e-04,-1.632503999999821e-02
3.687999999999998e+00,-1.799835660099604e-04,-1.714129199999812e-02
3.688999999999998e+00,-1.975329840099565e-04,-1.795754399999803e-02
3.689999999999998e+00,-2.158986540099525e-04,-1.877379599999794e-02
3.690999999999998e+00,-2.350805760099483e-04,-1.959004799999781e-02
3.691999999999998e+00,-2.550787500099438e-04,-2.040629999999774e-02
3.692999999999997e+00,-2.758931760099392e-04,-2.122255199999769e-02
3.693999999999997e+00,-2.975238540099345e-04,-2.203880399999756e-02
3.694999999999997e+00,-3.199707840099295e-04,-2.285505599999748e-02
3.695999999999997e+00,-3.432339660099244e-04,-2.367130799999740e-02
3.696999999999997e+00,-3.673134000099191e-04,-2.448755999999730e-02
3.697999999999997e+00,-3.922090860099136e-04,-2.530381199999722e-02
3.698999999999997e+00,-4.179210240099080e-04,-2.612006399999712e-02
3.699999999999997e+00,-4.444492140099021e-04,-2.693631599999704e-02
3.700999999999997e+00,-4.717936560098961e-04,-2.775256799999697e-02
3.701999999999996e+00,-4.999543500098899e-04,-2.856881999999686e-02
3.702999999999996e+00,-5.289312960098836e-04,-2.938507199999676e-02
3.703999999999996e+00,-5.587244940098770e-04,-3.020132399999666e-02
3.704999999999996e+00,-5.893339440098702e-04,-3.101757599999660e-02
3.705999999999996e+00,-6.207596460098634e-04,-3.183382799999650e-02
3.706999999999996e+00,-6.530016000098562e-04,-3.265007999999640e-02
3.707999999999996e+00,-6.860598060098490e-04,-3.346633199999635e-02
3.708999999999996e+00,-7.199342640098415e-04,-3.428258399999624e-02
3.709999999999996e+00,-7.546249740098339e-04,-3.509883599999614e-02
3.710999999999995e+00,-7.901319360098261e-04,-3.591508799999604e-02
3.711999999999995e+00,-8.264551500098181e-04,-3.673133999999599e-02
3.712999999999995e+00,-8.635946160098100e-04,-3.754759199999588e-02
3.713999999999995e+00,-9.015503340098016e-04,-3.836384399999578e-02
3.714999999999995e+00,-9.403223040097931e-04,-3.918009599999573e-02
3.715999999999995e+00,-9.799105260097844e-04,-3.999634799999552e-02
3.716999999999995e+00,-1.020315000009775e-03,-4.081259999999547e-02
3.717999999999995e+00,-1.061535726009766e-03,-4.162885199999548e-02
3.718999999999995e+00,-1.103572704009757e-03,-4.244510399999538e-02
3.719999999999994e+00,-1.146425934009748e-03,-4.326135599999527e-02
3.720999999999994e+00,-1.190095416009738e-03,-4.407760799999506e-02
3.721999999999994e+00,-1.234581150009728e-03,-4.489385999999496e-02
3.722999999999994e+00,-1.279883136009718e-03,-4.571011199999496e-02
3.723999999999994e+00,-1.326001374009708e-03,-4.652636399999496e-02
3.724999999999994e+00,-1.372935864009698e-03,-4.734261599999486e-02
3.725999999999994e+00,-1.420686606009687e-03,-4.815886799999465e-02
3.726999999999994e+00,-1.469253600009677e-03,-4.897511999999454e-02
3.727999999999994e+00,-1.518636846009666e-03,-4.979137199999455e-02
3.728999999999993e+00,-1.568836344009655e-03,-5.060762399999456e-02
3.729999999999993e+00,-1.619852094009644e-03,-5.142387599999435e-02
3.730999999999993e+00,-1.671684096009632e-03,-5.224012799999424e-02
3.731999999999993e+00,-1.724332350009621e-03,-5.305637999999414e-02
3.732999999999993e+00,-1.777796856009609e-03,-5.387263199999403e-02
3.733999999999993e+00,-1.832077614009597e-03,-5.468888399999404e-02
3.734999999999993e+00,-1.887174624009585e-03,-5.550513599999382e-02
3.735999999999993e+00,-1.943087886009572e-03,-5.632138799999361e-02
3.736999999999993e+00,-1.999817400009559e-03,-5.713763999999362e-02
3.737999999999992e+00,-2.057363166009547e-03,-5.795389199999362e-02
3.738999999999992e+00,-2.115725184009534e-03,-5.877014399999363e-02
3.739999999999992e+00,-2.174903454009521e-03,-5.958639599999341e-02
3.740999999999992e+00,-2.234897976009508e-03,-6.040264799999342e-02
3.741999999999992e+00,-2.295708750009495e-03,-6.121889999999321e-02
3.742999999999992e+00,-2.357335776009481e-03,-6.203515199999299e-02
3.743999999999992e+00,-2.419779054009467e-03,-6.285140399999321e-02
3.744999999999992e+00,-2.483038584009453e-03,-6.366765599999301e-02
3.745999999999992e+00,-2.547114366009439e-03,-6.448390799999279e-02
3.746999999999991e+00,-2.612006400009425e-03,-6.530015999999279e-02
3.747999999999991e+00,-2.677714686009410e-03,-6.611641199999280e-02
3.748999999999991e+00,-2.744239224009396e-03,-6.693266399999259e-02
3.749999999999991e+00,-2.811580014009381e-03,-6.774891599999260e-02
3.750999999999991e+00,-2.879737056009366e-03,-6.856516799999260e-02
3.751999999999991e+00,-2.948710350009351e-03,-6.938141999999239e-02
3.752999999999991e+00,-3.018499896009335e-03,-7.019767199999240e-02
3.753999999999991e+00,-3.089105694009320e-03,-7.101392399999218e-02
3.754999999999991e+00,-3.160527744009304e-03,-7.183017599999197e-02
3.755999999999990e+00,-3.232766046009288e-03,-7.264642799999198e-02
3.756999999999990e+00,-3.305820600009272e-03,-7.346267999999176e-02
3.757999999999990e+00,-3.379691406009256e-03,-7.427893199999198e-02
3.758999999999990e+00,-3.454378464009240e-03,-7.509518399999199e-02
3.759999999999990e+00,-3.529881774009223e-03,-7.591143599999156e-02
3.760999999999990e+00,-3.606201336009206e-03,-7.672768799999134e-02
3.761999999999990e+00,-3.683337150009189e-03,-7.754393999999157e-02
3.762999999999990e+00,-3.761289216009172e-03,-7.836019199999157e-02
3.763999999999990e+00,-3.840057534009155e-03,-7.917644399999137e-02
3.764999999999989e+00,-3.919642104009137e-03,-7.999269599999094e-02
3.765999999999989e+00,-4.000042926009119e-03,-8.080894799999072e-02
3.766999999999989e+00,-4.081260000009101e-03,-8.162519999999138e-02
3.767999999999989e+00,-4.163293326009084e-03,-8.244145199999117e-02
3.768999999999989e+00,-4.246142904009065e-03,-8.325770399999052e-02
3.769999999999989e+00,-4.329808734009046e-03,-8.407395599999073e-02
3.770999999999989e+00,-4.414290816009028e-03,-8.489020799999096e-02
3.771999999999989e+00,-4.499589150009010e-03,-8.570645999999076e-02
3.772999999999989e+00,-4.585703736008991e-03,-8.652271199999054e-02
3.773999999999988e+00,-4.672634574008972e-03,-8.733896399999033e-02
3.774999999999988e+00,-4.760381664008952e-03,-8.815521599999011e-02
3.775999999999988e+00,-4.848945006008932e-03,-8.897146799998991e-02
3.776999999999988e+00,-4.938324600008912e-03,-8.978771999999012e-02
3.777999999999988e+00,-5.028520446008893e-03,-9.060397199998992e-02
3.778999999999988e+00,-5.119532544008872e-03,-9.142022399998970e-02
3.779999999999988e+00,-5.211360894008852e-03,-9.223647599998992e-02
3.780999999999988e+00,-5.304005496008832e-03,-9.305272799998970e-02
3.781999999999988e+00,-5.397466350008811e-03,-9.386897999998993e-02
3.782999999999987e+00,-5.491743456008791e-03,-9.468523199998972e-02
3.783999999999987e+00,-5.586836814008770e-03,-9.550148399998951e-02
3.784999999999987e+00,-5.682746424008749e-03,-9.631773599998973e-02
3.785999999999987e+00,-5.779472286008728e-03,-9.713398799998908e-02
3.786999999999987e+00,-5.877014400008706e-03,-9.795023999998888e-02
3.787999999999987e+00,-5.975372766008684e-03,-9.876649199998909e-02
3.788999999999987e+00,-6.074547384008662e-03,-9.958274399998931e-02
3.789999999999987e+00,-6.174538254008641e-03,-1.003989959999891e-01
3.790999999999987e+00,-6.275345376008618e-03,-1.012152479999889e-01
3.791999999999986e+00,-6.376968750008596e-03,-1.020314999999891e-01
3.792999999999986e+00,-6.479408376008574e-03,-1.028477519999889e-01
3.793999999999986e+00,-6.582664254008551e-03,-1.036640039999882e-01
3.794999999999986e+00,-6.686736384008528e-03,-1.044802559999885e-01
3.795999999999986e+00,-6.791624766008505e-03,-1.052965079999887e-01
3.796999999999986e+00,-6.897329400008482e-03,-1.061127599999881e-01
3.797999999999986e+00,-7.003850286008458e-03,-1.069290119999878e-01
3.798999999999986e+00,-7.111187424008434e-03,-1.077452639999881e-01
3.799999999999986e+00,-7.219340814008410e-03,-1.085615159999883e-01
3.800999999999986e+00,-7.328310456008387e-03,-1.093777679999876e-01
3.801999999999985e+00,-7.438096350008362e-03,-1.101940199999879e-01
3.802999999999985e+00,-7.548698496008338e-03,-1.110102719999881e-01
3.803999999999985e+00,-7.660116894008313e-03,-1.118265239999874e-01
3.804999999999985e+00,-7.772351544008288e-03,-1.126427759999881e-01
3.805999999999985e+00,-7.885402446008265e-03,-1.134590279999879e-01
3.806999999999985e+00,-7.999269600008239e-03,-1.142752799999877e-01
3.807999999999985e+00,-8.113953006008215e-03,-1.150915319999875e-01
3.808999999999985e+00,-8.229452664008189e-03,-1.159077839999872e-01
3.809999999999985e+00,-8.345768574008164e-03,-1.167240359999870e-01
3.810999999999984e+00,-8.462900736008137e-03,-1.175402879999868e-01
3.811999999999984e+00,-8.580849150008112e-03,-1.183565399999875e-01
3.812999999999984e+00,-8.699613816008086e-03,-1.191727919999864e-01
3.813999999999984e+00,-8.819194734008058e-03,-1.199890439999862e-01
3.814999999999984e+00,-8.939591904008032e-03,-1.208052959999868e-01
3.815999999999984e+00,-9.060805326008005e-03,-1.216215479999875e-01
3.816999999999984e+00,-9.182835000007980e-03,-1.224377999999873e-01
3.817999999999984e+00,-9.305680926007953e-03,-1.232540519999853e-01
3.818999999999984e+00,-9.429343104007924e-03,-1.240703039999860e-01
3.819999999999983e+00,-9.553821534007897e-03,-1.248865559999866e-01
3.820999999999983e+00,-9.679116216007869e-03,-1.257028079999856e-01
3.821999999999983e+00,-9.805227150007841e-03,-1.265190599999862e-01
3.822999999999983e+00,-9.932154336007814e-03,-1.273353119999869e-01
3.823999999999983e+00,-1.005989777400779e-02,-1.281515639999858e-01
3.824999999999983e+00,-1.018845746400776e-02,-1.289678159999856e-01
3.825999999999983e+00,-1.031783340600773e-02,-1.297840679999854e-01
3.826999999999983e+00,-1.044802560000770e-02,-1.306003199999852e-01
3.827999999999983e+00,-1.057903404600767e-02,-1.314165719999858e-01
3.828999999999982e+00,-1.071085874400764e-02,-1.322328239999865e-01
3.829999999999982e+00,-1.084349969400761e-02,-1.330490759999854e-01
3.830999999999982e+00,-1.097695689600758e-02,-1.338653279999843e-01
3.831999999999982e+00,-1.111123035000755e-02,-1.346815799999850e-01
3.832999999999982e+00,-1.124632005600752e-02,-1.354978319999856e-01
3.833999999999982e+00,-1.138222601400750e-02,-1.363140839999854e-01
3.834999999999982e+00,-1.151894822400746e-02,-1.371303359999843e-01
3.835999999999982e+00,-1.165648668600743e-02,-1.379465879999850e-01
3.836999999999982e+00,-1.179484140000740e-02,-1.387628399999856e-01
3.837999999999981e+00,-1.193401236600737e-02,-1.395790919999846e-01
3.838999999999981e+00,-1.207399958400734e-02,-1.403953439999844e-01
3.839999999999981e+00,-1.221480305400731e-02,-1.412115959999850e-01
3.840999999999981e+00,-1.235642277600728e-02,-1.420278479999839e-01
3.841999999999981e+00,-1.249885875000725e-02,-1.428440999999837e-01
3.842999999999981e+00,-1.264211097600722e-02,-1.436603519999844e-01
3.843999999999981e+00,-1.278617945400719e-02,-1.444766039999842e-01
3.844999999999981e+00,-1.293106418400715e-02,-1.452928559999840e-01
3.845999999999981e+00,-1.307676516600712e-02,-1.461091079999838e-01
3.846999999999980e+00,-1.322328240000709e-02,-1.469253599999835e-01
3.847999999999980e+00,-1.337061588600706e-02,-1.477416119999833e-01
3.848999999999980e+00,-1.351876562400702e-02,-1.485578639999840e-01
3.849999999999980e+00,-1.366773161400699e-02,-1.493741159999846e-01
3.850999999999980e+00,-1.381751385600696e-02,-1.501903679999835e-01
3.851999999999980e+00,-1.396811235000693e-02,-1.510066199999833e-01
3.852999999999980e+00,-1.411952709600689e-02,-1.518228719999831e-01
3.853999999999980e+00,-1.427175809400686e-02,-1.526391239999829e-01
3.854999999999980e+00,-1.442480534400683e-02,-1.534553759999836e-01
3.855999999999979e+00,-1.457866884600679e-02,-1.542716279999825e-01
3.856999999999979e+00,-1.473334860000676e-02,-1.550878799999823e-01
3.857999999999979e+00,-1.488884460600672e-02,-1.559041319999838e-01
3.858999999999979e+00,-1.504515686400669e-02,-1.567203839999827e-01
3.859999999999979e+00,-1.520228537400665e-02,-1.575366359999825e-01
3.860999999999979e+00,-1.536023013600662e-02,-1.583528879999823e-01
3.861999999999979e+00,-1.551899115000658e-02,-1.591691399999821e-01
3.862999999999979e+00,-1.567856841600655e-02,-1.599853919999827e-01
3.863999999999979e+00,-1.583896193400651e-02,-1.608016439999808e-01
3.864999999999978e+00,-1.600017170400648e-02,-1.616178959999806e-01
3.865999999999978e+00,-1.616219772600644e-02,-1.624341479999821e-01
3.866999999999978e+00,-1.632504000000640e-02,-1.632503999999836e-01
3.867999999999978e+00,-1.648869852600637e-02,-1.640666519999834e-01
3.868999999999978e+00,-1.665317330400633e-02,-1.648829039999797e-01
3.869999999999978e+00,-1.681846433400629e-02,-1.656991559999813e-01
3.870999999999978e+00,-1.698457161600626e-02,-1.665154079999828e-01
3.871999999999978e+00,-1.715149515000622e-02,-1.673316599999808e-01
3.872999999999978e+00,-1.731923493600619e-02,-1.681479119999824e-01
3.873999999999977e+00,-1.748779097400615e-02,-1.689641639999821e-01
3.874999999999977e+00,-1.765716326400611e-02,-1.697804159999819e-01
3.875999999999977e+00,-1.782735180600608e-02,-1.705966679999817e-01
3.876999999999977e+00,-1.799835660000604e-02,-1.714129199999798e-01
3.877999999999977e+00,-1.817017764600600e-02,-1.722291719999813e-01
3.878999999999977e+00,-1.834281494400596e-02,-1.730454239999811e-01
3.879999999999977e+00,-1.851626849400592e-02,-1.738616759999809e-01
3.880999999999977e+00,-1.869053829600589e-02,-1.746779279999807e-01
3.881999999999977e+00,-1.886562435000584e-02,-1.754941799999804e-01
3.882999999999976e+00,-1.904152665600581e-02,-1.763104319999802e-01
3.883999999999976e+00,-1.921824521400577e-02,-1.771266839999800e-01
3.884999999999976e+00,-1.939578002400573e-02,-1.779429359999815e-01
3.885999999999976e+00,-1.957413108600569e-02,-1.787591879999796e-01
3.886999999999976e+00,-1.975329840000565e-02,-1.795754399999794e-01
3.887999999999976e+00,-1.993328196600561e-02,-1.803916919999809e-01
3.888999999999976e+00,-2.011408178400557e-02,-1.812079439999807e-01
3.889999999999976e+00,-2.029569785400553e-02,-1.820241959999787e-01
3.890999999999976e+00,-2.047813017600549e-02,-1.828404479999785e-01
3.891999999999975e+00,-2.066137875000545e-02,-1.836566999999800e-01
3.892999999999975e+00,-2.084544357600541e-02,-1.844729519999798e-01
3.893999999999975e+00,-2.103032465400537e-02,-1.852892039999796e-01
3.894999999999975e+00,-2.121602198400533e-02,-1.861054559999812e-01
3.895999999999975e+00,-2.140253556600529e-02,-1.869217079999792e-01
3.896999999999975e+00,-2.158986540000524e-02,-1.877379599999790e-01
3.897999999999975e+00,-2.177801148600520e-02,-1.885542119999805e-01
3.898999999999975e+00,-2.196697382400516e-02,-1.893704639999786e-01
3.899999999999975e+00,-2.215675241400512e-02,-1.901867159999784e-01
3.900999999999974e+00,-2.234734725600508e-02,-1.910029679999782e-01
3.901999999999974e+00,-2.253875835000503e-02,-1.918192199999797e-01
3.902999999999974e+00,-2.273098569600500e-02,-1.926354719999795e-01
3.903999999999974e+00,-2.292402929400495e-02,-1.934517239999793e-01
3.904999999999974e+00,-2.311788914400491e-02,-1.942679759999790e-01
3.905999999999974e+00,-2.331256524600487e-02,-1.950842279999771e-01
3.906999999999974e+00,-2.350805760000482e-02,-1.959004799999786e-01
3.907999999999974e+00,-2.370436620600478e-02,-1.967167319999784e-01
3.908999999999974e+00,-2.390149106400474e-02,-1.975329839999782e-01
3.909999999999973e+00,-2.409943217400469e-02,-1.983492359999780e-01
3.910999999999973e+00,-2.429818953600465e-02,-1.991654879999778e-01
3.911999999999973e+00,-2.449776315000460e-02,-1.999817399999793e-01
3.912999999999973e+00,-2.469815301600456e-02,-2.007979919999773e-01
3.913999999999973e+00,-2.489935913400452e-02,-2.016142439999771e-01
3.914999999999973e+00,-2.510138150400447e-02,-2.024304959999786e-01
3.915999999999973e+00,-2.530422012600443e-02,-2.032467479999784e-01
3.916999999999973e+00,-2.550787500000438e-02,-2.040629999999782e-01
3.917999999999973e+00,-2.571234612600434e-02,-2.048792519999780e-01
3.918999999999973e+00,-2.591763350400430e-02,-2.056955039999761e-01
3.919999999999972e+00,-2.612373713400425e-02,-2.065117559999776e-01
3.920999999999972e+00,-2.633065701600421e-02,-2.073280079999774e-01
3.921999999999972e+00,-2.653839315000416e-02,-2.081442599999754e-01
3.922999999999972e+00,-2.674694553600411e-02,-2.089605119999770e-01
3.923999999999972e+00,-2.695631417400406e-02,-2.097767639999785e-01
3.924999999999972e+00,-2.716649906400402e-02,-2.105930159999765e-01
3.925999999999972e+00,-2.737750020600397e-02,-2.114092679999763e-01
3.926999999999972e+00,-2.758931760000393e-02,-2.122255199999779e-01
3.927999999999972e+00,-2.780195124600388e-02,-2.130417719999759e-01
3.928999999999971e+00,-2.801540114400383e-02,-2.138580239999774e-01
3.929999999999971e+00,-2.822966729400379e-02,-2.146742759999755e-01
3.930999999999971e+00,-2.844474969600374e-02,-2.154905279999753e-01
3.931999999999971e+00,-2.866064835000369e-02,-2.163067799999768e-01
3.932999999999971e+00,-2.887736325600364e-02,-2.171230319999748e-01
3.933999999999971e+00,-2.909489441400359e-02,-2.179392839999764e-01
3.934999999999971e+00,-2.931324182400355e-02,-2.187555359999779e-01
3.935999999999971e+00,-2.953240548600350e-02,-2.195717879999742e-01
3.936999999999971e+00,-2.975238540000345e-02,-2.203880399999757e-01
3.937999999999970e+00,-2.997318156600340e-02,-2.212042919999772e-01
3.938999999999970e+00,-3.019479398400335e-02,-2.220205439999736e-01
3.939999999999970e+00,-3.041722265400330e-02,-2.228367959999751e-01
3.940999999999970e+00,-3.064046757600325e-02,-2.236530479999766e-01
3.941999999999970e+00,-3.086452875000320e-02,-2.244692999999747e-01
3.942999999999970e+00,-3.108940617600315e-02,-2.252855519999744e-01
3.943999999999970e+00,-3.131509985400310e-02,-2.261018039999760e-01
3.944999999999970e+00,-3.154160978400306e-02,-2.269180559999757e-01
3.945999999999970e+00,-3.176893596600300e-02,-2.277343079999738e-01
3.946999999999969e+00,-3.199707840000295e-02,-2.285505599999719e-01
3.947999999999969e+00,-3.222603708600290e-02,-2.293668119999769e-01
3.948999999999969e+00,-3.245581202400286e-02,-2.301830639999784e-01
3.949999999999969e+00,-3.268640321400280e-02,-2.309993159999730e-01
3.950999999999969e+00,-3.291781065600275e-02,-2.318155679999710e-01
3.951999999999969e+00,-3.315003435000270e-02,-2.326318199999760e-01
3.952999999999969e+00,-3.338307429600265e-02,-2.334480719999775e-01
3.953999999999969e+00,-3.361693049400260e-02,-2.342643239999721e-01
3.954999999999969e+00,-3.385160294400254e-02,-2.350805759999736e-01
3.955999999999968e+00,-3.408709164600249e-02,-2.358968279999752e-01
3.956999999999968e+00,-3.432339660000244e-02,-2.367130799999732e-01
3.957999999999968e+00,-3.456051780600239e-02,-2.375293319999748e-01
3.958999999999968e+00,-3.479845526400234e-02,-2.383455839999763e-01
3.959999999999968e+00,-3.503720897400229e-02,-2.391618359999708e-01
3.960999999999968e+00,-3.527677893600223e-02,-2.399780879999724e-01
3.961999999999968e+00,-3.551716515000218e-02,-2.407943399999739e-01
3.962999999999968e+00,-3.575836761600212e-02,-2.416105919999720e-01
3.963999999999968e+00,-3.600038633400207e-02,-2.424268439999735e-01
3.964999999999967e+00,-3.624322130400202e-02,-2.432430959999715e-01
3.965999999999967e+00,-3.648687252600196e-02,-2.440593479999765e-01
3.966999999999967e+00,-3.673134000000192e-02,-2.448755999999746e-01
3.967999999999967e+00,-3.697662372600186e-02,-2.456918519999726e-01
3.968999999999967e+00,-3.722272370400181e-02,-2.465081039999741e-01
3.969999999999967e+00,-3.746963993400175e-02,-2.473243559999687e-01
3.970999999999967e+00,-3.771737241600169e-02,-2.481406079999737e-01
3.971999999999967e+00,-3.796592115000164e-02,-2.489568599999752e-01
3.972999999999967e+00,-3.821528613600159e-02,-2.497731119999698e-01
3.973999999999966e+00,-3.846546737400153e-02,-2.505893639999713e-01
3.974999999999966e+00,-3.871646486400147e-02,-2.514056159999729e-01
3.975999999999966e+00,-3.896827860600142e-02,-2.522218679999709e-01
3.976999999999966e+00,-3.922090860000136e-02,-2.530381199999724e-01
3.977999999999966e+00,-3.947435484600131e-02,-2.538543719999740e-01
3.978999999999966e+00,-3.972861734400125e-02,-2.546706239999720e-01
3.979999999999966e+00,-3.998369609400119e-02,-2.554868759999736e-01
3.980999999999966e+00,-4.023959109600114e-02,-2.563031279999751e-01
3.981999999999966e+00,-4.049630235000109e-02,-2.571193799999696e-01
3.982999999999965e+00,-4.075382985600103e-02,-2.579356319999677e-01
3.983999999999965e+00,-4.101217361400097e-02,-2.587518839999727e-01
3.984999999999965e+00,-4.127133362400091e-02,-2.595681359999742e-01
3.985999999999965e+00,-4.153130988600086e-02,-2.603843879999688e-01
3.986999999999965e+00,-4.179210240000079e-02,-2.612006399999703e-01
3.987999999999965e+00,-4.205371116600074e-02,-2.620168919999719e-01
3.988999999999965e+00,-4.231613618400068e-02,-2.628331439999699e-01
3.989999999999965e+00,-4.257937745400062e-02,-2.636493959999714e-01
3.990999999999965e+00,-4.284343497600056e-02,-2.644656479999730e-01
3.991999999999964e+00,-4.310830875000051e-02,-2.652818999999745e-01
3.992999999999964e+00,-4.337399877600046e-02,-2.660981519999691e-01
3.993999999999964e+00,-4.364050505400039e-02,-2.669144039999671e-01
3.994999999999964e+00,-4.390782758400033e-02,-2.677306559999721e-01
3.995999999999964e+00,-4.417596636600028e-02,-2.685469079999702e-01
3.996999999999964e+00,-4.444492140000021e-02,-2.693631599999717e-01
3.997999999999964e+00,-4.471469268600016e-02,-2.701794119999698e-01
3.998999999999964e+00,-4.498528022400009e-02,-2.709956639999678e-01
3.999999999999964e+00,-4.525668401400004e-02,-2.718119159999714e-01
4.000999999999964e+00,-4.552890405600010e-02,-2.726281679999677e-01
4.001999999999964e+00,-4.580194035000015e-02,-2.734444199999723e-01
4.002999999999965e+00,-4.607579289600022e-02,-2.742606719999735e-01
4.003999999999965e+00,-4.635046169400028e-02,-2.750769239999712e-01
4.004999999999965e+00,-4.662594674400035e-02,-2.758931759999689e-01
4.005999999999966e+00,-4.690224804600041e-02,-2.767094279999701e-01
4.006999999999966e+00,-4.717936560000047e-02,-2.775256799999747e-01
4.007999999999966e+00,-4.745729940600054e-02,-2.783419319999724e-01
4.008999999999967e+00,-4.773604946400060e-02,-2.791581839999736e-01
4.009999999999967e+00,-4.801561577400067e-02,-2.799744359999712e-01
4.010999999999967e+00,-4.829599833600073e-02,-2.807906879999724e-01
4.011999999999968e+00,-4.857719715000081e-02,-2.816069399999770e-01
4.012999999999968e+00,-4.885921221600088e-02,-2.824231919999747e-01
4.013999999999968e+00,-4.914204353400094e-02,-2.832394439999724e-01
4.014999999999969e+00,-4.942569110400101e-02,-2.840556959999735e-01
4.015999999999969e+00,-4.971015492600108e-02,-2.848719479999747e-01
4.016999999999969e+00,-4.999543500000115e-02,-2.856881999999759e-01
4.017999999999970e+00,-5.028153132600122e-02,-2.865044519999735e-01
4.018999999999970e+00,-5.056844390400129e-02,-2.873207039999712e-01
4.019999999999970e+00,-5.085617273400136e-02,-2.881369559999759e-01
4.020999999999971e+00,-5.114471781600143e-02,-2.889532079999770e-01
4.021999999999971e+00,-5.143407915000150e-02,-2.897694599999782e-01
4.022999999999971e+00,-5.172425673600158e-02,-2.905857119999759e-01
4.023999999999972e+00,-5.201525057400165e-02,-2.914019639999736e-01
4.024999999999972e+00,-5.230706066400172e-02,-2.922182159999782e-01
4.025999999999972e+00,-5.259968700600180e-02,-2.930344679999794e-01
4.026999999999973e+00,-5.289312960000188e-02,-2.938507199999805e-01
4.027999999999973e+00,-5.318738844600196e-02,-2.946669719999748e-01
4.028999999999973e+00,-5.348246354400202e-02,-2.954832239999759e-01
4.029999999999974e+00,-5.377835489400211e-02,-2.962994759999840e-01
4.030999999999974e+00,-5.407506249600219e-02,-2.971157279999783e-01
4.031999999999974e+00,-5.437258635000226e-02,-2.979319799999759e-01
4.032999999999975e+00,-5.467092645600234e-02,-2.987482319999771e-01
4.033999999999975e+00,-5.497008281400242e-02,-2.995644839999783e-01
4.034999999999975e+00,-5.527005542400250e-02,-3.003807359999794e-01
4.035999999999976e+00,-5.557084428600258e-02,-3.011969879999806e-01
4.036999999999976e+00,-5.587244940000266e-02,-3.020132399999783e-01
4.037999999999976e+00,-5.617487076600274e-02,-3.028294919999829e-01
4.038999999999977e+00,-5.647810838400283e-02,-3.036457439999841e-01
4.039999999999977e+00,-5.678216225400291e-02,-3.044619959999817e-01
4.040999999999977e+00,-5.708703237600300e-02,-3.052782479999829e-01
4.041999999999978e+00,-5.739271875000308e-02,-3.060944999999771e-01
4.042999999999978e+00,-5.769922137600315e-02,-3.069107519999817e-01
4.043999999999978e+00,-5.800654025400324e-02,-3.077270039999829e-01
4.044999999999979e+00,-5.831467538400333e-02,-3.085432559999806e-01
4.045999999999979e+00,-5.862362676600341e-02,-3.093595079999852e-01
4.046999999999979e+00,-5.893339440000350e-02,-3.101757599999829e-01
4.047999999999980e+00,-5.924397828600358e-02,-3.109920119999806e-01
4.048999999999980e+00,-5.955537842400367e-02,-3.118082639999818e-01
4.049999999999980e+00,-5.986759481400376e-02,-3.126245159999829e-01
4.050999999999981e+00,-6.018062745600385e-02,-3.134407679999841e-01
4.051999999999981e+00,-6.049447635000393e-02,-3.142570199999887e-01
4.052999999999981e+00,-6.080914149600403e-02,-3.150732719999864e-01
4.053999999999982e+00,-6.112462289400412e-02,-3.158895239999841e-01
4.054999999999982e+00,-6.144092054400421e-02,-3.167057759999853e-01
4.055999999999982e+00,-6.175803444600430e-02,-3.175220279999830e-01
4.056999999999983e+00,-6.207596460000439e-02,-3.183382799999876e-01
4.057999999999983e+00,-6.239471100600449e-02,-3.191545319999922e-01
4.058999999999983e+00,-6.271427366400459e-02,-3.199707839999865e-01
4.059999999999984e+00,-6.303465257400467e-02,-3.207870359999876e-01
4.060999999999984e+00,-6.335584773600478e-02,-3.216032879999922e-01
4.061999999999984e+00,-6.367785915000487e-02,-3.224195399999830e-01
4.062999999999985e+00,-6.400068681600496e-02,-3.232357919999806e-01
4.063999999999985e+00,-6.432433073400505e-02,-3.240520439999853e-01
4.064999999999985e+00,-6.464879090400515e-02,-3.248682959999900e-01
4.065999999999986e+00,-6.497406732600525e-02,-3.256845479999946e-01
4.066999999999986e+00,-6.530016000000535e-02,-3.265007999999853e-01
4.067999999999986e+00,-6.562706892600544e-02,-3.273170519999830e-01
4.068999999999987e+00,-6.595479410400554e-02,-3.281333039999946e-01
4.069999999999987e+00,-6.628333553400564e-02,-3.289495559999923e-01
4.070999999999987e+00,-6.661269321600574e-02,-3.297658079999830e-01
4.071999999999988e+00,-6.694286715000583e-02,-3.305820599999876e-01
4.072999999999988e+00,-6.727385733600594e-02,-3.313983119999992e-01
4.073999999999988e+00,-6.760566377400605e-02,-3.322145639999899e-01
4.074999999999989e+00,-6.793828646400614e-02,-3.330308159999876e-01
4.075999999999989e+00,-6.827172540600625e-02,-3.338470679999923e-01
4.076999999999989e+00,-6.860598060000635e-02,-3.346633199999900e-01
4.077999999999990e+00,-6.894105204600645e-02,-3.354795719999877e-01
4.078999999999990e+00,-6.927693974400655e-02,-3.362958239999923e-01
4.079999999999990e+00,-6.961364369400666e-02,-3.371120759999969e-01
4.080999999999991e+00,-6.995116389600677e-02,-3.379283279999946e-01
4.081999999999991e+00,-7.028950035000688e-02,-3.387445799999923e-01
4.082999999999991e+00,-7.062865305600698e-02,-3.395608319999830e-01
4.083999999999992e+00,-7.096862201400707e-02,-3.403770839999946e-01
4.084999999999992e+00,-7.130940722400719e-02,-3.411933359999992e-01
4.085999999999992e+00,-7.165100868600729e-02,-3.420095879999900e-01
4.086999999999993e+00,-7.199342640000740e-02,-3.428258399999947e-01
4.087999999999993e+00,-7.233666036600751e-02,-3.436420919999923e-01
4.088999999999993e+00,-7.268071058400762e-02,-3.444583439999900e-01
4.089999999999994e+00,-7.302557705400772e-02,-3.452745959999947e-01
4.090999999999994e+00,-7.337125977600784e-02,-3.460908479999923e-01
4.091999999999994e+00,-7.371775875000794e-02,-3.469070999999970e-01
4.092999999999995e+00,-7.406507397600806e-02,-3.477233520000016e-01
4.093999999999995e+00,-7.441320545400817e-02,-3.485396039999993e-01
4.094999999999995e+00,-7.476215318400829e-02,-3.493558559999970e-01
4.095999999999996e+00,-7.511191716600840e-02,-3.501721079999947e-01
4.096999999999996e+00,-7.546249740000852e-02,-3.509883599999923e-01
4.097999999999996e+00,-7.581389388600862e-02,-3.518046119999970e-01
4.098999999999997e+00,-7.616610662400874e-02,-3.526208640000016e-01
4.099999999999997e+00,-7.651913561400886e-02,-3.534371159999924e-01
4.100999999999997e+00,-7.687298085600897e-02,-3.542533679999970e-01
4.101999999999998e+00,-7.722764235000909e-02,-3.550696200000016e-01
4.102999999999998e+00,-7.758312009600921e-02,-3.558858719999993e-01
4.103999999999998e+00,-7.793941409400933e-02,-3.567021239999970e-01
4.104999999999999e+00,-7.829652434400944e-02,-3.575183760000016e-01
4.105999999999999e+00,-7.865445084600957e-02,-3.583346279999993e-01
4.106999999999999e+00,-7.901319360000968e-02,-3.591508799999901e-01
4.108000000000000e+00,-7.937275260600979e-02,-3.599671320000016e-01
4.109000000000000e+00,-7.973312786400992e-02,-3.607833840000063e-01
4.110000000000000e+00,-8.009431937401004e-02,-3.615996359999971e-01
4.111000000000001e+00,-8.045632713601016e-02,-3.624158879999947e-01
4.112000000000001e+00,-8.081915115001027e-02,-3.632321399999994e-01
4.113000000000001e+00,-8.118279141601040e-02,-3.640483920000040e-01
4.114000000000002e+00,-8.154724793401052e-02,-3.648646440000017e-01
4.115000000000002e+00,-8.191252070401064e-02,-3.656808959999994e-01
4.116000000000002e+00,-8.227860972601077e-02,-3.664971480000040e-01
4.117000000000003e+00,-8.264551500001090e-02,-3.673134000000017e-01
4.118000000000003e+00,-8.301323652601102e-02,-3.681296519999994e-01
4.119000000000003e+00,-8.338177430401114e-02,-3.689459040000040e-01
4.120000000000004e+00,-8.375112833401127e-02,-3.697621560000017e-01
4.121000000000004e+00,-8.412129861601139e-02,-3.705784080000064e-01
4.122000000000004e+00,-8.449228515001153e-02,-3.713946600000040e-01
4.123000000000005e+00,-8.486408793601165e-02,-3.722109120000017e-01
4.124000000000005e+00,-8.523670697401178e-02,-3.730271640000064e-01
4.125000000000005e+00,-8.561014226401191e-02,-3.738434160000040e-01
4.126000000000006e+00,-8.598439380601204e-02,-3.746596680000087e-01
4.127000000000006e+00,-8.635946160001218e-02,-3.754759200000063e-01
4.128000000000006e+00,-8.673534564601230e-02,-3.762921719999971e-01
4.129000000000007e+00,-8.711204594401242e-02,-3.771084240000017e-01
4.130000000000007e+00,-8.748956249401256e-02,-3.779246760000133e-01
4.131000000000007e+00,-8.786789529601270e-02,-3.787409280000040e-01
4.132000000000008e+00,-8.824704435001282e-02,-3.795571800000018e-01
4.133000000000008e+00,-8.862700965601296e-02,-3.803734320000133e-01
4.134000000000008e+00,-8.900779121401310e-02,-3.811896840000110e-01
4.135000000000009e+00,-8.938938902401324e-02,-3.820059360000018e-01
4.136000000000009e+00,-8.977180308601336e-02,-3.828221880000064e-01
4.137000000000009e+00,-9.015503340001350e-02,-3.836384400000110e-01
4.138000000000010e+00,-9.053907996601364e-02,-3.844546920000018e-01
4.139000000000010e+00,-9.092394278401376e-02,-3.852709440000064e-01
4.140000000000010e+00,-9.130962185401391e-02,-3.860871960000110e-01
4.141000000000011e+00,-9.169611717601404e-02,-3.869034480000087e-01
4.142000000000011e+00,-9.208342875001418e-02,-3.877197000000064e-01
4.143000000000011e+00,-9.247155657601432e-02,-3.885359520000111e-01
4.144000000000012e+00,-9.286050065401447e-02,-3.893522040000157e-01
4.145000000000012e+00,-9.325026098401461e-02,-3.901684560000064e-01
4.146000000000012e+00,-9.364083756601474e-02,-3.909847080000111e-01
4.147000000000013e+00,-9.403223040001489e-02,-3.918009600000157e-01
4.148000000000013e+00,-9.442443948601503e-02,-3.926172120000064e-01
4.149000000000013e+00,-9.481746482401517e-02,-3.934334640000041e-01
4.150000000000014e+00,-9.521130641401530e-02,-3.942497160000087e-01
4.151000000000014e+00,-9.560596425601545e-02,-3.950659680000134e-01
4.152000000000014e+00,-9.600143835001559e-02,-3.958822200000111e-01
4.153000000000015e+00,-9.639772869601573e-02,-3.966984720000087e-01
4.154000000000015e+00,-9.679483529401588e-02,-3.975147240000134e-01
4.155000000000015e+00,-9.719275814401603e-02,-3.983309760000111e-01
4.156000000000016e+00,-9.759149724601617e-02,-3.991472280000157e-01
4.157000000000016e+00,-9.799105260001632e-02,-3.999634800000204e-01
4.158000000000016e+00,-9.839142420601647e-02,-4.007797320000111e-01
4.159000000000017e+00,-9.879261206401661e-02,-4.015959840000088e-01
4.160000000000017e+00,-9.919461617401676e-02,-4.024122360000134e-01
4.161000000000017e+00,-9.959743653601691e-02,-4.032284880000180e-01
4.162000000000018e+00,-1.000010731500171e-01,-4.040447400000157e-01
4.163000000000018e+00,-1.004055260160172e-01,-4.048609920000134e-01
4.164000000000018e+00,-1.008107951340174e-01,-4.056772440000111e-01
4.165000000000019e+00,-1.012168805040175e-01,-4.064934960000158e-01
4.166000000000019e+00,-1.016237821260177e-01,-4.073097480000204e-01
4.167000000000019e+00,-1.020315000000178e-01,-4.081260000000111e-01
4.168000000000020e+00,-1.024400341260180e-01,-4.089422520000088e-01
4.169000000000020e+00,-1.028493845040181e-01,-4.097585040000204e-01
4.170000000000020e+00,-1.032595511340183e-01,-4.105747560000250e-01
4.171000000000021e+00,-1.036705340160184e-01,-4.113910080000158e-01
4.172000000000021e+00,-1.040823331500186e-01,-4.122072600000135e-01
4.173000000000021e+00,-1.044949485360187e-01,-4.130235120000181e-01
4.174000000000022e+00,-1.049083801740189e-01,-4.138397640000158e-01
4.175000000000022e+00,-1.053226280640190e-01,-4.146560160000134e-01
4.176000000000022e+00,-1.057376922060192e-01,-4.154722680000181e-01
4.177000000000023e+00,-1.061535726000194e-01,-4.162885200000158e-01
4.178000000000023e+00,-1.065702692460195e-01,-4.171047720000135e-01
4.179000000000023e+00,-1.069877821440197e-01,-4.179210240000181e-01
4.180000000000024e+00,-1.074061112940198e-01,-4.187372760000228e-01
4.181000000000024e+00,-1.078252566960200e-01,-4.195535280000204e-01
4.182000000000024e+00,-1.082452183500201e-01,-4.203697800000181e-01
4.183000000000025e+00,-1.086659962560203e-01,-4.211860320000158e-01
4.184000000000025e+00,-1.090875904140205e-01,-4.220022840000204e-01
4.185000000000025e+00,-1.095100008240206e-01,-4.228185360000251e-01
4.186000000000026e+00,-1.099332274860208e-01,-4.236347880000227e-01
4.187000000000026e+00,-1.103572704000210e-01,-4.244510400000205e-01
4.188000000000026e+00,-1.107821295660211e-01,-4.252672920000182e-01
4.189000000000027e+00,-1.112078049840213e-01,-4.260835440000228e-01
4.190000000000027e+00,-1.116342966540214e-01,-4.268997960000274e-01
4.191000000000027e+00,-1.120616045760216e-01,-4.277160480000251e-01
4.192000000000028e+00,-1.124897287500218e-01,-4.285323000000228e-01
4.193000000000028e+00,-1.129186691760219e-01,-4.293485520000274e-01
4.194000000000028e+00,-1.133484258540221e-01,-4.301648040000251e-01
4.195000000000029e+00,-1.137789987840223e-01,-4.309810560000158e-01
4.196000000000029e+00,-1.142103879660224e-01,-4.317973080000205e-01
4.197000000000029e+00,-1.146425934000226e-01,-4.326135600000251e-01
4.198000000000030e+00,-1.150756150860228e-01,-4.334298120000228e-01
4.199000000000030e+00,-1.155094530240229e-01,-4.342460640000275e-01
4.200000000000030e+00,-1.159441072140231e-01,-4.350623160000182e-01
4.201000000000031e+00,-1.163795776560233e-01,-4.358785680000228e-01
4.202000000000031e+00,-1.168158643500235e-01,-4.366948200000344e-01
4.203000000000031e+00,-1.172529672960236e-01,-4.375110720000321e-01
4.204000000000032e+00,-1.176908864940238e-01,-4.383273240000298e-01
4.205000000000032e+00,-1.181296219440240e-01,-4.391435760000205e-01
4.206000000000032e+00,-1.185691736460242e-01,-4.399598280000182e-01
4.207000000000033e+00,-1.190095416000243e-01,-4.407760800000298e-01
4.208000000000033e+00,-1.194507258060245e-01,-4.415923320000275e-01
4.209000000000033e+00,-1.198927262640247e-01,-4.424085840000251e-01
4.210000000000034e+00,-1.203355429740249e-01,-4.432248360000298e-01
4.211000000000034e+00,-1.207791759360250e-01,-4.440410880000206e-01
4.212000000000034e+00,-1.212236251500252e-01,-4.448573400000252e-01
4.213000000000035e+00,-1.216688906160254e-01,-4.456735920000368e-01
4.214000000000035e+00,-1.221149723340256e-01,-4.464898440000275e-01
4.215000000000035e+00,-1.225618703040257e-01,-4.473060960000252e-01
4.216000000000036e+00,-1.230095845260259e-01,-4.481223480000298e-01
4.217000000000036e+00,-1.234581150000261e-01,-4.489386000000275e-01
4.218000000000036e+00,-1.239074617260263e-01,-4.497548520000391e-01
4.219000000000037e+00,-1.243576247040265e-01,-4.505711040000298e-01
4.220000000000037e+00,-1.248086039340266e-01,-4.513873560000136e-01
4.221000000000037e+00,-1.252603994160268e-01,-4.522036080000252e-01
4.222000000000038e+00,-1.257130111500270e-01,-4.530198600000299e-01
4.223000000000038e+00,-1.261664391360272e-01,-4.538361120000345e-01
4.224000000000038e+00,-1.266206833740273e-01,-4.546523640000391e-01
4.225000000000039e+00,-1.270757438640275e-01,-4.554686160000299e-01
4.226000000000039e+00,-1.275316206060277e-01,-4.562848680000345e-01
4.227000000000039e+00,-1.279883136000279e-01,-4.571011200000252e-01
4.228000000000040e+00,-1.284458228460281e-01,-4.579173720000299e-01
4.229000000000040e+00,-1.289041483440283e-01,-4.587336240000345e-01
4.230000000000040e+00,-1.293632900940284e-01,-4.595498760000391e-01
4.231000000000041e+00,-1.298232480960287e-01,-4.603661280000437e-01
4.232000000000041e+00,-1.302840223500288e-01,-4.611823800000207e-01
4.233000000000041e+00,-1.307456128560290e-01,-4.619986320000253e-01
4.234000000000042e+00,-1.312080196140292e-01,-4.628148840000299e-01
4.235000000000042e+00,-1.316712426240294e-01,-4.636311360000345e-01
4.236000000000042e+00,-1.321352818860296e-01,-4.644473880000392e-01
4.237000000000043e+00,-1.326001374000298e-01,-4.652636400000299e-01
4.238000000000043e+00,-1.330658091660299e-01,-4.660798920000345e-01
4.239000000000043e+00,-1.335322971840301e-01,-4.668961440000391e-01
4.240000000000044e+00,-1.339996014540303e-01,-4.677123960000299e-01
4.241000000000044e+00,-1.344677219760305e-01,-4.685286480000345e-01
4.242000000000044e+00,-1.349366587500307e-01,-4.693449000000391e-01
4.243000000000045e+00,-1.354064117760309e-01,-4.701611520000438e-01
4.244000000000045e+00,-1.358769810540311e-01,-4.709774040000346e-01
4.245000000000045e+00,-1.363483665840313e-01,-4.717936560000392e-01
4.246000000000046e+00,-1.368205683660315e-01,-4.726099080000438e-01
4.247000000000046e+00,-1.372935864000317e-01,-4.734261600000346e-01
4.248000000000046e+00,-1.377674206860319e-01,-4.742424120000392e-01
4.249000000000047e+00,-1.382420712240321e-01,-4.750586640000299e-01
4.250000000000047e+00,-1.387175380140323e-01,-4.758749160000346e-01
4.251000000000047e+00,-1.391938210560325e-01,-4.766911680000392e-01
4.252000000000048e+00,-1.396709203500327e-01,-4.775074200000438e-01
4.253000000000048e+00,-1.401488358960329e-01,-4.783236720000484e-01
4.254000000000048e+00,-1.406275676940331e-01,-4.791399240000392e-01
4.255000000000049e+00,-1.411071157440333e-01,-4.799561760000300e-01
4.256000000000049e+00,-1.415874800460335e-01,-4.807724280000346e-01
4.257000000000049e+00,-1.420686606000337e-01,-4.815886800000531e-01
4.258000000000050e+00,-1.425506574060339e-01,-4.824049320000439e-01
4.259000000000050e+00,-1.430334704640341e-01,-4.832211840000346e-01
4.260000000000050e+00,-1.435170997740343e-01,-4.840374360000392e-01
4.261000000000051e+00,-1.440015453360345e-01,-4.848536880000439e-01
4.262000000000051e+00,-1.444868071500347e-01,-4.856699400000485e-01
4.263000000000051e+00,-1.449728852160349e-01,-4.864861920000392e-01
4.264000000000052e+00,-1.454597795340351e-01,-4.873024440000300e-01
4.265000000000052e+00,-1.459474901040353e-01,-4.881186960000346e-01
4.266000000000052e+00,-1.464360169260355e-01,-4.889349480000532e-01
4.267000000000053e+00,-1.469253600000357e-01,-4.897512000000439e-01
4.268000000000053e+00,-1.474155193260359e-01,-4.905674520000347e-01
4.269000000000053e+00,-1.479064949040361e-01,-4.913837040000532e-01
4.270000000000054e+00,-1.483982867340363e-01,-4.921999560000439e-01
4.271000000000054e+00,-1.488908948160365e-01,-4.930162080000347e-01
4.272000000000054e+00,-1.493843191500367e-01,-4.938324600000532e-01
4.273000000000055e+00,-1.498785597360370e-01,-4.946487120000578e-01
4.274000000000055e+00,-1.503736165740372e-01,-4.954649640000485e-01
4.275000000000055e+00,-1.508694896640374e-01,-4.962812160000254e-01
4.276000000000056e+00,-1.513661790060376e-01,-4.970974680000300e-01
4.277000000000056e+00,-1.518636846000378e-01,-4.979137200000486e-01
4.278000000000056e+00,-1.523620064460380e-01,-4.987299720000532e-01
4.279000000000057e+00,-1.528611445440382e-01,-4.995462240000578e-01
4.280000000000057e+00,-1.533610988940385e-01,-5.003624760000486e-01
4.281000000000057e+00,-1.538618694960387e-01,-5.011787280000393e-01
4.282000000000058e+00,-1.543634563500389e-01,-5.019949800000439e-01
4.283000000000058e+00,-1.548658594560391e-01,-5.028112320000486e-01
4.284000000000058e+00,-1.553690788140393e-01,-5.036274840000532e-01
4.285000000000059e+00,-1.558731144240395e-01,-5.044437360000579e-01
4.286000000000059e+00,-1.563779662860398e-01,-5.052599880000347e-01
4.287000000000059e+00,-1.568836344000399e-01,-5.060762400000394e-01
4.288000000000060e+00,-1.573901187660402e-01,-5.068924920000578e-01
4.289000000000060e+00,-1.578974193840404e-01,-5.077087440000486e-01
4.290000000000060e+00,-1.584055362540406e-01,-5.085249960000393e-01
4.291000000000061e+00,-1.589144693760408e-01,-5.093412480000440e-01
4.292000000000061e+00,-1.594242187500410e-01,-5.101575000000624e-01
4.293000000000061e+00,-1.599347843760413e-01,-5.109737520000532e-01
4.294000000000062e+00,-1.604461662540415e-01,-5.117900040000440e-01
4.295000000000062e+00,-1.609583643840417e-01,-5.126062560000625e-01
4.296000000000062e+00,-1.614713787660420e-01,-5.134225080000533e-01
4.297000000000063e+00,-1.619852094000422e-01,-5.142387600000440e-01
4.298000000000063e+00,-1.624998562860424e-01,-5.150550120000487e-01
4.299000000000063e+00,-1.630153194240426e-01,-5.158712640000532e-01
4.300000000000064e+00,-1.635315988140428e-01,-5.166875160000579e-01
4.301000000000064e+00,-1.640486944560431e-01,-5.175037680000486e-01
4.302000000000064e+00,-1.645666063500433e-01,-5.183200200000533e-01
4.303000000000065e+00,-1.650853344960435e-01,-5.191362720000440e-01
4.304000000000065e+00,-1.656048788940437e-01,-5.199525240000487e-01
4.305000000000065e+00,-1.661252395440440e-01,-5.207687760000672e-01
4.306000000000066e+00,-1.666464164460442e-01,-5.215850280000579e-01
4.307000000000066e+00,-1.671684096000444e-01,-5.224012800000487e-01
4.308000000000066e+00,-1.676912190060446e-01,-5.232175320000533e-01
4.309000000000067e+00,-1.682148446640449e-01,-5.240337840000580e-01
4.310000000000067e+00,-1.687392865740451e-01,-5.248500360000486e-01
4.311000000000067e+00,-1.692645447360453e-01,-5.256662880000394e-01
4.312000000000068e+00,-1.697906191500455e-01,-5.264825400000579e-01
4.313000000000068e+00,-1.703175098160458e-01,-5.272987920000626e-01
4.314000000000068e+00,-1.708452167340460e-01,-5.281150440000533e-01
4.315000000000069e+00,-1.713737399040463e-01,-5.289312960000579e-01
4.316000000000069e+00,-1.719030793260465e-01,-5.297475480000626e-01
4.317000000000069e+00,-1.724332350000467e-01,-5.305638000000533e-01
4.318000000000070e+00,-1.729642069260469e-01,-5.313800520000441e-01
4.319000000000070e+00,-1.734959951040472e-01,-5.321963040000626e-01
4.320000000000070e+00,-1.740285995340474e-01,-5.330125560000673e-01
4.321000000000071e+00,-1.745620202160477e-01,-5.338288080000579e-01
4.322000000000071e+00,-1.750962571500479e-01,-5.346450600000626e-01
4.323000000000071e+00,-1.756313103360481e-01,-5.354613120000533e-01
4.324000000000072e+00,-1.761671797740484e-01,-5.362775640000441e-01
4.325000000000072e+00,-1.767038654640486e-01,-5.370938160000626e-01
4.326000000000072e+00,-1.772413674060488e-01,-5.379100680000672e-01
4.327000000000073e+00,-1.777796856000491e-01,-5.387263200000580e-01
4.328000000000073e+00,-1.783188200460493e-01,-5.395425720000487e-01
4.329000000000073e+00,-1.788587707440495e-01,-5.403588240000673e-01
4.330000000000074e+00,-1.793995376940498e-01,-5.411750760000719e-01
4.331000000000074e+00,-1.799411208960500e-01,-5.419913280000488e-01
4.332000000000074e+00,-1.804835203500503e-01,-5.428075800000534e-01
4.333000000000075e+00,-1.810267360560505e-01,-5.436238320000719e-01
4.334000000000075e+00,-1.815707680140508e-01,-5.444400840000765e-01
4.335000000000075e+00,-1.821156162240510e-01,-5.452563360000534e-01
4.336000000000076e+00,-1.826612806860513e-01,-5.460725880000580e-01
4.337000000000076e+00,-1.832077614000515e-01,-5.468888400000627e-01
4.338000000000076e+00,-1.837550583660517e-01,-5.477050920000535e-01
4.339000000000077e+00,-1.843031715840520e-01,-5.485213440000580e-01
4.340000000000077e+00,-1.848521010540522e-01,-5.493375960000766e-01
4.341000000000077e+00,-1.854018467760525e-01,-5.501538480000673e-01
4.342000000000078e+00,-1.859524087500527e-01,-5.509701000000581e-01
4.343000000000078e+00,-1.865037869760530e-01,-5.517863520000627e-01
4.344000000000078e+00,-1.870559814540532e-01,-5.526026040000535e-01
4.345000000000079e+00,-1.876089921840535e-01,-5.534188560000719e-01
4.346000000000079e+00,-1.881628191660537e-01,-5.542351080000627e-01
4.347000000000079e+00,-1.887174624000540e-01,-5.550513600000673e-01
4.348000000000080e+00,-1.892729218860542e-01,-5.558676120000720e-01
4.349000000000080e+00,-1.898291976240545e-01,-5.566838640000626e-01
4.350000000000080e+00,-1.903862896140547e-01,-5.575001160000673e-01
4.351000000000081e+00,-1.909441978560550e-01,-5.583163680000581e-01
4.352000000000081e+00,-1.915029223500552e-01,-5.591326200000627e-01
4.353000000000081e+00,-1.920624630960555e-01,-5.599488720000674e-01
4.354000000000082e+00,-1.926228200940557e-01,-5.607651240000719e-01
4.355000000000082e+00,-1.931839933440560e-01,-5.615813760000766e-01
4.356000000000082e+00,-1.937459828460563e-01,-5.623976280000673e-01
4.357000000000083e+00,-1.943087886000565e-01,-5.632138800000581e-01
4.358000000000083e+00,-1.948724106060568e-01,-5.640301320000627e-01
4.359000000000083e+00,-1.954368488640570e-01,-5.648463840000674e-01
4.360000000000084e+00,-1.960021033740573e-01,-5.656626360000719e-01
4.361000000000084e+00,-1.965681741360575e-01,-5.664788880000766e-01
4.362000000000084e+00,-1.971350611500578e-01,-5.672951400000674e-01
4.363000000000085e+00,-1.977027644160581e-01,-5.681113920000720e-01
4.364000000000085e+00,-1.982712839340583e-01,-5.689276440000767e-01
4.365000000000085e+00,-1.988406197040586e-01,-5.697438960000535e-01
4.366000000000086e+00,-1.994107717260588e-01,-5.705601480000582e-01
4.367000000000086e+00,-1.999817400000591e-01,-5.713764000000766e-01
4.368000000000086e+00,-2.005535245260593e-01,-5.721926520000813e-01
4.369000000000087e+00,-2.011261253040596e-01,-5.730089040000720e-01
4.370000000000087e+00,-2.016995423340599e-01,-5.738251560000628e-01
4.371000000000087e+00,-2.022737756160601e-01,-5.746414080000674e-01
4.372000000000088e+00,-2.028488251500604e-01,-5.754576600000720e-01
4.373000000000088e+00,-2.034246909360607e-01,-5.762739120000767e-01
4.374000000000088e+00,-2.040013729740609e-01,-5.770901640000674e-01
4.375000000000089e+00,-2.045788712640612e-01,-5.779064160000721e-01
4.376000000000089e+00,-2.051571858060615e-01,-5.787226680000767e-01
4.377000000000089e+00,-2.057363166000617e-01,-5.795389200000675e-01
4.378000000000090e+00,-2.063162636460620e-01,-5.803551720000582e-01
4.379000000000090e+00,-2.068970269440622e-01,-5.811714240000767e-01
4.380000000000090e+00,-2.074786064940625e-01,-5.819876760000952e-01
4.381000000000091e+00,-2.080610022960628e-01,-5.828039280000721e-01
4.382000000000091e+00,-2.086442143500631e-01,-5.836201800000766e-01
4.383000000000091e+00,-2.092282426560634e-01,-5.844364320000952e-01
4.384000000000092e+00,-2.098130872140636e-01,-5.852526840000721e-01
4.385000000000092e+00,-2.103987480240639e-01,-5.860689360000628e-01
4.386000000000092e+00,-2.109852250860642e-01,-5.868851880000675e-01
4.387000000000093e+00,-2.115725184000644e-01,-5.877014400000721e-01
4.388000000000093e+00,-2.121606279660647e-01,-5.885176920000768e-01
4.389000000000093e+00,-2.127495537840650e-01,-5.893339440000813e-01
4.390000000000094e+00,-2.133392958540652e-01,-5.901501960000721e-01
4.391000000000094e+00,-2.139298541760655e-01,-5.909664480000767e-01
4.392000000000094e+00,-2.145212287500658e-01,-5.917827000000814e-01
4.393000000000095e+00,-2.151134195760661e-01,-5.925989520000721e-01
4.394000000000095e+00,-2.157064266540663e-01,-5.934152040000767e-01
4.395000000000095e+00,-2.163002499840666e-01,-5.942314560000814e-01
4.396000000000096e+00,-2.168948895660669e-01,-5.950477080000860e-01
4.397000000000096e+00,-2.174903454000672e-01,-5.958639600000768e-01
4.398000000000096e+00,-2.180866174860674e-01,-5.966802120000814e-01
4.399000000000097e+00,-2.186837058240677e-01,-5.974964640000583e-01
4.400000000000097e+00,-2.192816104140680e-01,-5.983127160000767e-01
4.401000000000098e+00,-2.198803312560683e-01,-5.991289680000953e-01
4.402000000000098e+00,-2.204798683500686e-01,-5.999452200000860e-01
4.403000000000098e+00,-2.210802216960689e-01,-6.007614720000768e-01
4.404000000000099e+00,-2.216813912940691e-01,-6.015777240000536e-01
4.405000000000099e+00,-2.222833771440694e-01,-6.023939760000860e-01
4.406000000000099e+00,-2.228861792460697e-01,-6.032102280000907e-01
4.407000000000100e+00,-2.234897976000700e-01,-6.040264800000814e-01
4.408000000000100e+00,-2.240942322060702e-01,-6.048427320000861e-01
4.409000000000100e+00,-2.246994830640705e-01,-6.056589840000907e-01
4.410000000000101e+00,-2.253055501740708e-01,-6.064752360000815e-01
4.411000000000101e+00,-2.259124335360711e-01,-6.072914880000583e-01
4.412000000000101e+00,-2.265201331500714e-01,-6.081077400000907e-01
4.413000000000102e+00,-2.271286490160717e-01,-6.089239920000953e-01
4.414000000000102e+00,-2.277379811340720e-01,-6.097402440000722e-01
4.415000000000102e+00,-2.283481295040722e-01,-6.105564960000907e-01
4.416000000000103e+00,-2.289590941260725e-01,-6.113727480000815e-01
4.417000000000103e+00,-2.295708750000728e-01,-6.121890000000861e-01
4.418000000000103e+00,-2.301834721260731e-01,-6.130052520000907e-01
4.419000000000104e+00,-2.307968855040734e-01,-6.138215040000676e-01
4.420000000000104e+00,-2.314111151340737e-01,-6.146377560000722e-01
4.421000000000104e+00,-2.320261610160740e-01,-6.154540080000908e-01
4.422000000000105e+00,-2.326420231500743e-01,-6.162702600000953e-01
4.423000000000105e+00,-2.332587015360746e-01,-6.170865120001000e-01
4.424000000000105e+00,-2.338761961740749e-01,-6.179027640000907e-01
4.425000000000106e+00,-2.344945070640752e-01,-6.187190160000676e-01
4.426000000000106e+00,-2.351136342060754e-01,-6.195352680000722e-01
4.427000000000106e+00,-2.357335776000757e-01,-6.203515200001046e-01
4.428000000000107e+00,-2.363543372460760e-01,-6.211677720000954e-01
4.429000000000107e+00,-2.369759131440763e-01,-6.219840240000722e-01
4.430000000000107e+00,-2.375983052940766e-01,-6.228002760000769e-01
4.431000000000108e+00,-2.382215136960769e-01,-6.236165280000954e-01
4.432000000000108e+00,-2.388455383500772e-01,-6.244327800001001e-01
4.433000000000108e+00,-2.394703792560775e-01,-6.252490320000769e-01
4.434000000000109e+00,-2.400960364140778e-01,-6.260652840000815e-01
4.435000000000109e+00,-2.407225098240781e-01,-6.268815360001000e-01
4.436000000000109e+00,-2.413497994860784e-01,-6.276977880001047e-01
4.437000000000110e+00,-2.419779054000787e-01,-6.285140400000815e-01
4.438000000000110e+00,-2.426068275660790e-01,-6.293302920000723e-01
4.439000000000110e+00,-2.432365659840793e-01,-6.301465440001047e-01
4.440000000000111e+00,-2.438671206540796e-01,-6.309627960001093e-01
4.441000000000111e+00,-2.444984915760799e-01,-6.317790480000723e-01
4.442000000000111e+00,-2.451306787500802e-01,-6.325953000000769e-01
4.443000000000112e+00,-2.457636821760805e-01,-6.334115520000816e-01
4.444000000000112e+00,-2.463975018540808e-01,-6.342278040000862e-01
4.445000000000112e+00,-2.470321377840811e-01,-6.350440560001047e-01
4.446000000000113e+00,-2.476675899660814e-01,-6.358603080001093e-01
4.447000000000113e+00,-2.483038584000817e-01,-6.366765600000862e-01
4.448000000000113e+00,-2.489409430860820e-01,-6.374928120000769e-01
4.449000000000114e+00,-2.495788440240823e-01,-6.383090640000955e-01
4.450000000000114e+00,-2.502175612140826e-01,-6.391253160000863e-01
4.451000000000114e+00,-2.508570946560829e-01,-6.399415680001047e-01
4.452000000000115e+00,-2.514974443500833e-01,-6.407578200001233e-01
4.453000000000115e+00,-2.521386102960836e-01,-6.415740720000862e-01
4.454000000000115e+00,-2.527805924940839e-01,-6.423903240000770e-01
4.455000000000116e+00,-2.534233909440842e-01,-6.432065760000955e-01
4.456000000000116e+00,-2.540670056460845e-01,-6.440228280000863e-01
4.457000000000116e+00,-2.547114366000848e-01,-6.448390800000769e-01
4.458000000000117e+00,-2.553566838060851e-01,-6.456553320000955e-01
4.459000000000117e+00,-2.560027472640854e-01,-6.464715840001140e-01
4.460000000000117e+00,-2.566496269740857e-01,-6.472878360001048e-01
4.461000000000118e+00,-2.572973229360860e-01,-6.481040880000956e-01
4.462000000000118e+00,-2.579458351500863e-01,-6.489203400000862e-01
4.463000000000118e+00,-2.585951636160866e-01,-6.497365920001048e-01
4.464000000000119e+00,-2.592453083340870e-01,-6.505528440000955e-01
4.465000000000119e+00,-2.598962693040873e-01,-6.513690960000863e-01
4.466000000000119e+00,-2.605480465260876e-01,-6.521853480001047e-01
4.467000000000120e+00,-2.612006400000879e-01,-6.530016000000956e-01
4.468000000000120e+00,-2.618540497260882e-01,-6.538178520000862e-01
4.469000000000120e+00,-2.625082757040885e-01,-6.546341040001048e-01
4.470000000000121e+00,-2.631633179340889e-01,-6.554503560000955e-01
4.471000000000121e+00,-2.638191764160892e-01,-6.562666080000863e-01
4.472000000000121e+00,-2.644758511500895e-01,-6.570828600001047e-01
4.473000000000122e+00,-2.651333421360898e-01,-6.578991120000955e-01
4.474000000000122e+00,-2.657916493740901e-01,-6.587153640001141e-01
4.475000000000122e+00,-2.664507728640905e-01,-6.595316160001048e-01
4.476000000000123e+00,-2.671107126060908e-01,-6.603478680000956e-01
4.477000000000123e+00,-2.677714686000911e-01,-6.611641200000863e-01
4.478000000000123e+00,-2.684330408460914e-01,-6.619803720001048e-01
4.479000000000124e+00,-2.690954293440918e-01,-6.627966240001233e-01
4.480000000000124e+00,-2.697586340940921e-01,-6.636128760000863e-01
4.481000000000124e+00,-2.704226550960924e-01,-6.644291280001048e-01
4.482000000000125e+00,-2.710874923500927e-01,-6.652453800001233e-01
4.483000000000125e+00,-2.717531458560931e-01,-6.660616320000863e-01
4.484000000000125e+00,-2.724196156140933e-01,-6.668778840001048e-01
4.485000000000126e+00,-2.730869016240937e-01,-6.676941360001234e-01
4.486000000000126e+00,-2.737550038860940e-01,-6.685103880000863e-01
4.487000000000126e+00,-2.744239224000943e-01,-6.693266400001049e-01
4.488000000000127e+00,-2.750936571660947e-01,-6.701428920001233e-01
4.489000000000127e+00,-2.757642081840950e-01,-6.709591440000864e-01
4.490000000000127e+00,-2.764355754540953e-01,-6.717753960000771e-01
4.491000000000128e+00,-2.771077589760956e-01,-6.725916480001234e-01
4.492000000000128e+00,-2.777807587500960e-01,-6.734079000001141e-01
4.493000000000128e+00,-2.784545747760963e-01,-6.742241520000771e-01
4.494000000000129e+00,-2.791292070540966e-01,-6.750404040000956e-01
4.495000000000129e+00,-2.798046555840970e-01,-6.758566560001141e-01
4.496000000000129e+00,-2.804809203660973e-01,-6.766729080001049e-01
4.497000000000130e+00,-2.811580014000976e-01,-6.774891600001234e-01
4.498000000000130e+00,-2.818358986860980e-01,-6.783054120001142e-01
4.499000000000130e+00,-2.825146122240983e-01,-6.791216640001049e-01
4.500000000000131e+00,-2.831941420140986e-01,-6.799379160000957e-01
4.501000000000131e+00,-2.838744880560989e-01,-6.807541680000864e-01
4.502000000000131e+00,-2.845556503500993e-01,-6.815704200001327e-01
4.503000000000132e+00,-2.852376288960997e-01,-6.823866720001234e-01
4.504000000000132e+00,-2.859204236941000e-01,-6.832029240000864e-01
4.505000000000132e+00,-2.866040347441003e-01,-6.840191760001049e-01
4.506000000000133e+00,-2.872884620461006e-01,-6.848354280000957e-01
4.507000000000133e+00,-2.879737056001009e-01,-6.856516800000865e-01
4.508000000000133e+00,-2.886597654061013e-01,-6.864679320001327e-01
4.509000000000134e+00,-2.893466414641017e-01,-6.872841840001235e-01
4.510000000000134e+00,-2.900343337741020e-01,-6.881004360000864e-01
4.511000000000134e+00,-2.907228423361023e-01,-6.889166880001050e-01
4.512000000000135e+00,-2.914121671501027e-01,-6.897329400001234e-01
4.513000000000135e+00,-2.921023082161030e-01,-6.905491920001142e-01
4.514000000000135e+00,-2.927932655341033e-01,-6.913654440001049e-01
4.515000000000136e+00,-2.934850391041037e-01,-6.921816960000957e-01
4.516000000000136e+00,-2.941776289261040e-01,-6.929979480001142e-01
4.517000000000136e+00,-2.948710350001044e-01,-6.938142000001327e-01
4.518000000000137e+00,-2.955652573261047e-01,-6.946304520000958e-01
4.519000000000137e+00,-2.962602959041050e-01,-6.954467040000865e-01
4.520000000000137e+00,-2.969561507341054e-01,-6.962629560001328e-01
4.521000000000138e+00,-2.976528218161058e-01,-6.970792080001235e-01
4.522000000000138e+00,-2.983503091501061e-01,-6.978954600001143e-01
4.523000000000138e+00,-2.990486127361064e-01,-6.987117120001050e-01
4.524000000000139e+00,-2.997477325741068e-01,-6.995279640001235e-01
4.525000000000139e+00,-3.004476686641072e-01,-7.003442160001420e-01
4.526000000000139e+00,-3.011484210061075e-01,-7.011604680001050e-01
4.527000000000140e+00,-3.018499896001078e-01,-7.019767200000957e-01
4.528000000000140e+00,-3.025523744461082e-01,-7.027929720000865e-01
4.529000000000140e+00,-3.032555755441085e-01,-7.036092240001051e-01
4.530000000000141e+00,-3.039595928941088e-01,-7.044254760001513e-01
4.531000000000141e+00,-3.046644264961093e-01,-7.052417280001421e-01
4.532000000000141e+00,-3.053700763501096e-01,-7.060579800001050e-01
4.533000000000142e+00,-3.060765424561099e-01,-7.068742320000958e-01
4.534000000000142e+00,-3.067838248141103e-01,-7.076904840001143e-01
4.535000000000142e+00,-3.074919234241106e-01,-7.085067360001051e-01
4.536000000000143e+00,-3.082008382861109e-01,-7.093229880001235e-01
4.537000000000143e+00,-3.089105694001114e-01,-7.101392400001421e-01
4.538000000000143e+00,-3.096211167661117e-01,-7.109554920001050e-01
4.539000000000144e+00,-3.103324803841120e-01,-7.117717440001236e-01
4.540000000000144e+00,-3.110446602541124e-01,-7.125879960001144e-01
4.541000000000144e+00,-3.117576563761127e-01,-7.134042480001050e-01
4.542000000000145e+00,-3.124714687501131e-01,-7.142205000001236e-01
4.543000000000145e+00,-3.131860973761135e-01,-7.150367520001143e-01
4.544000000000145e+00,-3.139015422541138e-01,-7.158530040001329e-01
4.545000000000146e+00,-3.146178033841142e-01,-7.166692560001235e-01
4.546000000000146e+00,-3.153348807661145e-01,-7.174855080001143e-01
4.547000000000146e+00,-3.160527744001149e-01,-7.183017600001050e-01
4.548000000000147e+00,-3.167714842861152e-01,-7.191180120001236e-01
4.549000000000147e+00,-3.174910104241156e-01,-7.199342640001420e-01
4.550000000000147e+00,-3.182113528141160e-01,-7.207505160001051e-01
4.551000000000148e+00,-3.189325114561163e-01,-7.215667680001236e-01
4.552000000000148e+00,-3.196544863501167e-01,-7.223830200001143e-01
4.553000000000148e+00,-3.203772774961171e-01,-7.231992720001051e-01
4.554000000000149e+00,-3.211008848941174e-01,-7.240155240001236e-01
4.555000000000149e+00,-3.218253085441178e-01,-7.248317760001144e-01
4.556000000000149e+00,-3.225505484461181e-01,-7.256480280001328e-01
4.557000000000150e+00,-3.232766046001185e-01,-7.264642800001236e-01
4.558000000000150e+00,-3.240034770061189e-01,-7.272805320001143e-01
4.559000000000150e+00,-3.247311656641192e-01,-7.280967840001329e-01
4.560000000000151e+00,-3.254596705741196e-01,-7.289130360001236e-01
4.561000000000151e+00,-3.261889917361200e-01,-7.297292880001144e-01
4.562000000000151e+00,-3.269191291501203e-01,-7.305455400001329e-01
4.563000000000152e+00,-3.276500828161207e-01,-7.313617920001236e-01
4.564000000000152e+00,-3.283818527341211e-01,-7.321780440001144e-01
4.565000000000152e+00,-3.291144389041215e-01,-7.329942960001329e-01
4.566000000000153e+00,-3.298478413261218e-01,-7.338105480001237e-01
4.567000000000153e+00,-3.305820600001222e-01,-7.346268000001421e-01
4.568000000000153e+00,-3.313170949261226e-01,-7.354430520001329e-01
4.569000000000154e+00,-3.320529461041229e-01,-7.362593040000959e-01
4.570000000000154e+00,-3.327896135341233e-01,-7.370755560001144e-01
4.571000000000154e+00,-3.335270972161237e-01,-7.378918080001329e-01
4.572000000000155e+00,-3.342653971501240e-01,-7.387080600001237e-01
4.573000000000155e+00,-3.350045133361244e-01,-7.395243120001145e-01
4.574000000000155e+00,-3.357444457741248e-01,-7.403405640001329e-01
4.575000000000156e+00,-3.364851944641252e-01,-7.411568160001515e-01
4.576000000000156e+00,-3.372267594061256e-01,-7.419730680001144e-01
4.577000000000156e+00,-3.379691406001259e-01,-7.427893200001330e-01
4.578000000000157e+00,-3.387123380461263e-01,-7.436055720001514e-01
4.579000000000157e+00,-3.394563517441267e-01,-7.444218240000867e-01
4.580000000000157e+00,-3.402011816941270e-01,-7.452380760001329e-01
4.581000000000158e+00,-3.409468278961275e-01,-7.460543280001515e-01
4.582000000000158e+00,-3.416932903501278e-01,-7.468705800001144e-01
4.583000000000158e+00,-3.424405690561282e-01,-7.476868320001330e-01
4.584000000000159e+00,-3.431886640141286e-01,-7.485030840001238e-01
4.585000000000159e+00,-3.439375752241289e-01,-7.493193360001422e-01
4.586000000000159e+00,-3.446873026861293e-01,-7.501355880001330e-01
4.587000000000160e+00,-3.454378464001297e-01,-7.509518400000960e-01
4.588000000000160e+00,-3.461892063661300e-01,-7.517680920001145e-01
4.589000000000160e+00,-3.469413825841304e-01,-7.525843440001607e-01
4.590000000000161e+00,-3.476943750541309e-01,-7.534005960001515e-01
4.591000000000161e+00,-3.484481837761312e-01,-7.542168480001422e-01
4.592000000000161e+00,-3.492028087501317e-01,-7.550331000001330e-01
4.593000000000162e+00,-3.499582499761320e-01,-7.558493520000960e-01
4.594000000000162e+00,-3.507145074541324e-01,-7.566656040001145e-01
4.595000000000162e+00,-3.514715811841327e-01,-7.574818560001607e-01
4.596000000000163e+00,-3.522294711661332e-01,-7.582981080001515e-01
4.597000000000163e+00,-3.529881774001336e-01,-7.591143600001146e-01
4.598000000000163e+00,-3.537476998861339e-01,-7.599306120001330e-01
4.599000000000164e+00,-3.545080386241343e-01,-7.607468640001516e-01
4.600000000000164e+00,-3.552691936141347e-01,-7.615631160001423e-01
4.601000000000164e+00,-3.560311648561351e-01,-7.623793680001053e-01
4.602000000000165e+00,-3.567939523501354e-01,-7.631956200001238e-01
4.603000000000165e+00,-3.575575560961359e-01,-7.640118720001423e-01
4.604000000000165e+00,-3.583219760941362e-01,-7.648281240001330e-01
4.605000000000166e+00,-3.590872123441367e-01,-7.656443760001516e-01
4.606000000000166e+00,-3.598532648461371e-01,-7.664606280001423e-01
4.607000000000166e+00,-3.606201336001374e-01,-7.672768800001331e-01
4.608000000000167e+00,-3.613878186061378e-01,-7.680931320001239e-01
4.609000000000167e+00,-3.621563198641382e-01,-7.689093840001423e-01
4.610000000000167e+00,-3.629256373741386e-01,-7.697256360001331e-01
4.611000000000168e+00,-3.636957711361390e-01,-7.705418880001238e-01
4.612000000000168e+00,-3.644667211501394e-01,-7.713581400001424e-01
4.613000000000168e+00,-3.652384874161398e-01,-7.721743920001330e-01
4.614000000000169e+00,-3.660110699341402e-01,-7.729906440001516e-01
4.615000000000169e+00,-3.667844687041406e-01,-7.738068960001423e-01
4.616000000000169e+00,-3.675586837261410e-01,-7.746231480001331e-01
4.617000000000170e+00,-3.683337150001414e-01,-7.754394000001238e-01
4.618000000000170e+00,-3.691095625261417e-01,-7.762556520001146e-01
4.619000000000170e+00,-3.698862263041421e-01,-7.770719040001609e-01
4.620000000000171e+00,-3.706637063341426e-01,-7.778881560001516e-01
4.621000000000171e+00,-3.714420026161430e-01,-7.787044080001424e-01
4.622000000000171e+00,-3.722211151501434e-01,-7.795206600001608e-01
4.623000000000172e+00,-3.730010439361438e-01,-7.803369120001239e-01
4.624000000000172e+00,-3.737817889741442e-01,-7.811531640001146e-01
4.625000000000172e+00,-3.745633502641446e-01,-7.819694160001331e-01
4.626000000000173e+00,-3.753457278061449e-01,-7.827856680001516e-01
4.627000000000173e+00,-3.761289216001454e-01,-7.836019200001424e-01
4.628000000000173e+00,-3.769129316461458e-01,-7.844181720001331e-01
4.629000000000174e+00,-3.776977579441462e-01,-7.852344240001516e-01
4.630000000000174e+00,-3.784834004941466e-01,-7.860506760001424e-01
4.631000000000174e+00,-3.792698592961470e-01,-7.868669280001609e-01
4.632000000000175e+00,-3.800571343501474e-01,-7.876831800001517e-01
4.633000000000175e+00,-3.808452256561478e-01,-7.884994320001146e-01
4.634000000000175e+00,-3.816341332141482e-01,-7.893156840001332e-01
4.635000000000176e+00,-3.824238570241486e-01,-7.901319360001516e-01
4.636000000000176e+00,-3.832143970861490e-01,-7.909481880001424e-01
4.637000000000176e+00,-3.840057534001494e-01,-7.917644400001331e-01
4.638000000000177e+00,-3.847979259661498e-01,-7.925806920001517e-01
4.639000000000177e+00,-3.855909147841503e-01,-7.933969440001424e-01
4.640000000000177e+00,-3.863847198541506e-01,-7.942131960001332e-01
4.641000000000178e+00,-3.871793411761510e-01,-7.950294480001517e-01
4.642000000000178e+00,-3.879747787501515e-01,-7.958457000001702e-01
4.643000000000178e+00,-3.887710325761519e-01,-7.966619520001610e-01
4.644000000000179e+00,-3.895681026541523e-01,-7.974782040001239e-01
4.645000000000179e+00,-3.903659889841527e-01,-7.982944560001425e-01
4.646000000000179e+00,-3.911646915661531e-01,-7.991107080001609e-01
4.647000000000180e+00,-3.919642104001536e-01,-7.999269600001517e-01
4.648000000000180e+00,-3.927645454861540e-01,-8.007432120001424e-01
4.649000000000180e+00,-3.935656968241544e-01,-8.015594640001332e-01
4.650000000000181e+00,-3.943676644141548e-01,-8.023757160001517e-01
4.651000000000181e+00,-3.951704482561552e-01,-8.031919680001425e-01
4.652000000000181e+00,-3.959740483501556e-01,-8.040082200001333e-01
4.653000000000182e+00,-3.967784646961560e-01,-8.048244720001517e-01
4.654000000000182e+00,-3.975836972941564e-01,-8.056407240001425e-01
4.655000000000182e+00,-3.983897461441568e-01,-8.064569760001610e-01
4.656000000000183e+00,-3.991966112461573e-01,-8.072732280001518e-01
4.657000000000183e+00,-4.000042926001577e-01,-8.080894800001425e-01
4.658000000000183e+00,-4.008127902061581e-01,-8.089057320001610e-01
4.659000000000184e+00,-4.016221040641585e-01,-8.097219840001517e-01
4.660000000000184e+00,-4.024322341741590e-01,-8.105382360001425e-01
4.661000000000184e+00,-4.032431805361594e-01,-8.113544880001610e-01
4.662000000000185e+00,-4.040549431501598e-01,-8.121707400001518e-01
4.663000000000185e+00,-4.048675220161602e-01,-8.129869920001426e-01
4.664000000000185e+00,-4.056809171341607e-01,-8.138032440001610e-01
4.665000000000186e+00,-4.064951285041611e-01,-8.146194960001518e-01
4.666000000000186e+00,-4.073101561261615e-01,-8.154357480000555e-01
4.667000000000000e+00,-4.081260000000096e-01,-8.158438740000400e-01
