#Vload,Rout @ DC,rout @ 1MHz
2.50000000000000e+00,2.31706000000000e+02,1.05733000000000e+02
2.50100000000000e+00,2.31706000000000e+02,1.05733000000000e+02
2.50200000000000e+00,2.31706000000000e+02,1.05733000000000e+02
2.50300000000000e+00,2.31705000000000e+02,1.05733000000000e+02
2.50400000000000e+00,2.31705000000000e+02,1.05733000000000e+02
2.50500000000000e+00,2.31705000000000e+02,1.05733000000000e+02
2.50600000000000e+00,2.31705000000000e+02,1.05733000000000e+02
2.50700000000000e+00,2.31705000000000e+02,1.05733000000000e+02
2.50800000000000e+00,2.31705000000000e+02,1.05733000000000e+02
2.50900000000000e+00,2.31705000000000e+02,1.05733000000000e+02
2.51000000000000e+00,2.31705000000000e+02,1.05732000000000e+02
2.51100000000000e+00,2.31705000000000e+02,1.05732000000000e+02
2.51200000000000e+00,2.31705000000000e+02,1.05732000000000e+02
2.51300000000000e+00,2.31705000000000e+02,1.05732000000000e+02
2.51400000000000e+00,2.31705000000000e+02,1.05732000000000e+02
2.51500000000000e+00,2.31705000000000e+02,1.05732000000000e+02
2.51600000000000e+00,2.31705000000000e+02,1.05732000000000e+02
2.51700000000000e+00,2.31705000000000e+02,1.05732000000000e+02
2.51800000000000e+00,2.31705000000000e+02,1.05732000000000e+02
2.51900000000000e+00,2.31705000000000e+02,1.05732000000000e+02
2.52000000000000e+00,2.31705000000000e+02,1.05732000000000e+02
2.52100000000000e+00,2.31705000000000e+02,1.05732000000000e+02
2.52200000000000e+00,2.31705000000000e+02,1.05732000000000e+02
2.52300000000000e+00,2.31704000000000e+02,1.05732000000000e+02
2.52400000000000e+00,2.31704000000000e+02,1.05732000000000e+02
2.52500000000000e+00,2.31704000000000e+02,1.05732000000000e+02
2.52600000000000e+00,2.31704000000000e+02,1.05732000000000e+02
2.52700000000000e+00,2.31704000000000e+02,1.05732000000000e+02
2.52800000000000e+00,2.31704000000000e+02,1.05732000000000e+02
2.52900000000000e+00,2.31704000000000e+02,1.05731000000000e+02
2.53000000000000e+00,2.31704000000000e+02,1.05731000000000e+02
2.53100000000000e+00,2.31704000000000e+02,1.05731000000000e+02
2.53200000000000e+00,2.31704000000000e+02,1.05731000000000e+02
2.53300000000000e+00,2.31704000000000e+02,1.05731000000000e+02
2.53400000000000e+00,2.31704000000000e+02,1.05731000000000e+02
2.53500000000000e+00,2.31704000000000e+02,1.05731000000000e+02
2.53600000000000e+00,2.31704000000000e+02,1.05731000000000e+02
2.53700000000000e+00,2.31704000000000e+02,1.05731000000000e+02
2.53800000000000e+00,2.31704000000000e+02,1.05731000000000e+02
2.53900000000000e+00,2.31704000000000e+02,1.05731000000000e+02
2.54000000000000e+00,2.31704000000000e+02,1.05731000000000e+02
2.54100000000000e+00,2.31704000000000e+02,1.05731000000000e+02
2.54200000000000e+00,2.31703000000000e+02,1.05731000000000e+02
2.54300000000000e+00,2.31703000000000e+02,1.05731000000000e+02
2.54400000000000e+00,2.31703000000000e+02,1.05731000000000e+02
2.54500000000000e+00,2.31703000000000e+02,1.05731000000000e+02
2.54600000000000e+00,2.31703000000000e+02,1.05731000000000e+02
2.54700000000000e+00,2.31703000000000e+02,1.05731000000000e+02
2.54800000000000e+00,2.31703000000000e+02,1.05731000000000e+02
2.54900000000000e+00,2.31703000000000e+02,1.05730000000000e+02
2.55000000000000e+00,2.31703000000000e+02,1.05730000000000e+02
2.55100000000000e+00,2.31703000000000e+02,1.05730000000000e+02
2.55200000000000e+00,2.31703000000000e+02,1.05730000000000e+02
2.55300000000000e+00,2.31703000000000e+02,1.05730000000000e+02
2.55400000000000e+00,2.31703000000000e+02,1.05730000000000e+02
2.55500000000000e+00,2.31703000000000e+02,1.05730000000000e+02
2.55600000000000e+00,2.31703000000000e+02,1.05730000000000e+02
2.55700000000000e+00,2.31703000000000e+02,1.05730000000000e+02
2.55800000000000e+00,2.31703000000000e+02,1.05730000000000e+02
2.55900000000000e+00,2.31703000000000e+02,1.05730000000000e+02
2.56000000000000e+00,2.31703000000000e+02,1.05730000000000e+02
2.56100000000000e+00,2.31702000000000e+02,1.05730000000000e+02
2.56200000000000e+00,2.31702000000000e+02,1.05730000000000e+02
2.56300000000000e+00,2.31702000000000e+02,1.05730000000000e+02
2.56400000000000e+00,2.31702000000000e+02,1.05730000000000e+02
2.56500000000000e+00,2.31702000000000e+02,1.05730000000000e+02
2.56600000000000e+00,2.31702000000000e+02,1.05730000000000e+02
2.56700000000000e+00,2.31702000000000e+02,1.05730000000000e+02
2.56800000000000e+00,2.31702000000000e+02,1.05729000000000e+02
2.56900000000000e+00,2.31702000000000e+02,1.05729000000000e+02
2.57000000000000e+00,2.31702000000000e+02,1.05729000000000e+02
2.57100000000000e+00,2.31702000000000e+02,1.05729000000000e+02
2.57200000000000e+00,2.31702000000000e+02,1.05729000000000e+02
2.57300000000000e+00,2.31702000000000e+02,1.05729000000000e+02
2.57400000000000e+00,2.31702000000000e+02,1.05729000000000e+02
2.57500000000000e+00,2.31702000000000e+02,1.05729000000000e+02
2.57600000000000e+00,2.31702000000000e+02,1.05729000000000e+02
2.57700000000000e+00,2.31702000000000e+02,1.05729000000000e+02
2.57800000000000e+00,2.31702000000000e+02,1.05729000000000e+02
2.57900000000000e+00,2.31702000000000e+02,1.05729000000000e+02
2.58000000000000e+00,2.31701000000000e+02,1.05729000000000e+02
2.58100000000000e+00,2.31701000000000e+02,1.05729000000000e+02
2.58200000000000e+00,2.31701000000000e+02,1.05729000000000e+02
2.58300000000000e+00,2.31701000000000e+02,1.05729000000000e+02
2.58400000000000e+00,2.31701000000000e+02,1.05729000000000e+02
2.58500000000000e+00,2.31701000000000e+02,1.05729000000000e+02
2.58600000000000e+00,2.31701000000000e+02,1.05729000000000e+02
2.58700000000000e+00,2.31701000000000e+02,1.05728000000000e+02
2.58800000000000e+00,2.31701000000000e+02,1.05728000000000e+02
2.58900000000000e+00,2.31701000000000e+02,1.05728000000000e+02
2.59000000000000e+00,2.31701000000000e+02,1.05728000000000e+02
2.59100000000000e+00,2.31701000000000e+02,1.05728000000000e+02
2.59200000000000e+00,2.31701000000000e+02,1.05728000000000e+02
2.59300000000000e+00,2.31701000000000e+02,1.05728000000000e+02
2.59400000000000e+00,2.31701000000000e+02,1.05728000000000e+02
2.59500000000000e+00,2.31701000000000e+02,1.05728000000000e+02
2.59600000000000e+00,2.31701000000000e+02,1.05728000000000e+02
2.59700000000000e+00,2.31701000000000e+02,1.05728000000000e+02
2.59800000000000e+00,2.31701000000000e+02,1.05728000000000e+02
2.59900000000000e+00,2.31701000000000e+02,1.05728000000000e+02
2.60000000000000e+00,2.31700000000000e+02,1.05728000000000e+02
2.60100000000000e+00,2.31700000000000e+02,1.05728000000000e+02
2.60200000000000e+00,2.31700000000000e+02,1.05728000000000e+02
2.60300000000000e+00,2.31700000000000e+02,1.05728000000000e+02
2.60400000000000e+00,2.31700000000000e+02,1.05728000000000e+02
2.60500000000000e+00,2.31700000000000e+02,1.05728000000000e+02
2.60600000000000e+00,2.31700000000000e+02,1.05727000000000e+02
2.60700000000000e+00,2.31700000000000e+02,1.05727000000000e+02
2.60800000000000e+00,2.31700000000000e+02,1.05727000000000e+02
2.60900000000000e+00,2.31700000000000e+02,1.05727000000000e+02
2.61000000000000e+00,2.31700000000000e+02,1.05727000000000e+02
2.61100000000000e+00,2.31700000000000e+02,1.05727000000000e+02
2.61200000000000e+00,2.31700000000000e+02,1.05727000000000e+02
2.61300000000000e+00,2.31700000000000e+02,1.05727000000000e+02
2.61400000000000e+00,2.31700000000000e+02,1.05727000000000e+02
2.61500000000000e+00,2.31700000000000e+02,1.05727000000000e+02
2.61600000000000e+00,2.31700000000000e+02,1.05727000000000e+02
2.61700000000000e+00,2.31700000000000e+02,1.05727000000000e+02
2.61800000000000e+00,2.31700000000000e+02,1.05727000000000e+02
2.61900000000000e+00,2.31699000000000e+02,1.05727000000000e+02
2.62000000000000e+00,2.31699000000000e+02,1.05727000000000e+02
2.62100000000000e+00,2.31699000000000e+02,1.05727000000000e+02
2.62200000000000e+00,2.31699000000000e+02,1.05727000000000e+02
2.62300000000000e+00,2.31699000000000e+02,1.05727000000000e+02
2.62400000000000e+00,2.31699000000000e+02,1.05727000000000e+02
2.62500000000000e+00,2.31699000000000e+02,1.05727000000000e+02
2.62600000000000e+00,2.31699000000000e+02,1.05726000000000e+02
2.62700000000000e+00,2.31699000000000e+02,1.05726000000000e+02
2.62800000000000e+00,2.31699000000000e+02,1.05726000000000e+02
2.62900000000000e+00,2.31699000000000e+02,1.05726000000000e+02
2.63000000000000e+00,2.31699000000000e+02,1.05726000000000e+02
2.63100000000000e+00,2.31699000000000e+02,1.05726000000000e+02
2.63200000000000e+00,2.31699000000000e+02,1.05726000000000e+02
2.63300000000000e+00,2.31699000000000e+02,1.05726000000000e+02
2.63400000000000e+00,2.31699000000000e+02,1.05726000000000e+02
2.63500000000000e+00,2.31699000000000e+02,1.05726000000000e+02
2.63600000000000e+00,2.31699000000000e+02,1.05726000000000e+02
2.63700000000000e+00,2.31699000000000e+02,1.05726000000000e+02
2.63800000000000e+00,2.31698000000000e+02,1.05726000000000e+02
2.63900000000000e+00,2.31698000000000e+02,1.05726000000000e+02
2.64000000000000e+00,2.31698000000000e+02,1.05726000000000e+02
2.64100000000000e+00,2.31698000000000e+02,1.05726000000000e+02
2.64200000000000e+00,2.31698000000000e+02,1.05726000000000e+02
2.64300000000000e+00,2.31698000000000e+02,1.05726000000000e+02
2.64400000000000e+00,2.31698000000000e+02,1.05726000000000e+02
2.64500000000000e+00,2.31698000000000e+02,1.05725000000000e+02
2.64600000000000e+00,2.31698000000000e+02,1.05725000000000e+02
2.64700000000000e+00,2.31698000000000e+02,1.05725000000000e+02
2.64800000000000e+00,2.31698000000000e+02,1.05725000000000e+02
2.64900000000000e+00,2.31698000000000e+02,1.05725000000000e+02
2.65000000000000e+00,2.31698000000000e+02,1.05725000000000e+02
2.65100000000000e+00,2.31698000000000e+02,1.05725000000000e+02
2.65200000000000e+00,2.31698000000000e+02,1.05725000000000e+02
2.65300000000000e+00,2.31698000000000e+02,1.05725000000000e+02
2.65400000000000e+00,2.31698000000000e+02,1.05725000000000e+02
2.65500000000000e+00,2.31698000000000e+02,1.05725000000000e+02
2.65600000000000e+00,2.31698000000000e+02,1.05725000000000e+02
2.65700000000000e+00,2.31697000000000e+02,1.05725000000000e+02
2.65800000000000e+00,2.31697000000000e+02,1.05725000000000e+02
2.65900000000000e+00,2.31697000000000e+02,1.05725000000000e+02
2.66000000000000e+00,2.31697000000000e+02,1.05725000000000e+02
2.66100000000000e+00,2.31697000000000e+02,1.05725000000000e+02
2.66200000000000e+00,2.31697000000000e+02,1.05725000000000e+02
2.66300000000000e+00,2.31697000000000e+02,1.05725000000000e+02
2.66400000000000e+00,2.31697000000000e+02,1.05724000000000e+02
2.66500000000000e+00,2.31697000000000e+02,1.05724000000000e+02
2.66600000000000e+00,2.31697000000000e+02,1.05724000000000e+02
2.66700000000000e+00,2.31697000000000e+02,1.05724000000000e+02
2.66800000000000e+00,2.31697000000000e+02,1.05724000000000e+02
2.66900000000000e+00,2.31697000000000e+02,1.05724000000000e+02
2.67000000000000e+00,2.31697000000000e+02,1.05724000000000e+02
2.67100000000000e+00,2.31697000000000e+02,1.05724000000000e+02
2.67200000000000e+00,2.31697000000000e+02,1.05724000000000e+02
2.67300000000000e+00,2.31697000000000e+02,1.05724000000000e+02
2.67400000000000e+00,2.31697000000000e+02,1.05724000000000e+02
2.67500000000000e+00,2.31697000000000e+02,1.05724000000000e+02
2.67600000000000e+00,2.31697000000000e+02,1.05724000000000e+02
2.67700000000000e+00,2.31696000000000e+02,1.05724000000000e+02
2.67800000000000e+00,2.31696000000000e+02,1.05724000000000e+02
2.67900000000000e+00,2.31696000000000e+02,1.05724000000000e+02
2.68000000000000e+00,2.31696000000000e+02,1.05724000000000e+02
2.68100000000000e+00,2.31696000000000e+02,1.05724000000000e+02
2.68200000000000e+00,2.31696000000000e+02,1.05724000000000e+02
2.68300000000000e+00,2.31696000000000e+02,1.05723000000000e+02
2.68400000000000e+00,2.31696000000000e+02,1.05723000000000e+02
2.68500000000000e+00,2.31696000000000e+02,1.05723000000000e+02
2.68600000000000e+00,2.31696000000000e+02,1.05723000000000e+02
2.68700000000000e+00,2.31696000000000e+02,1.05723000000000e+02
2.68800000000000e+00,2.31696000000000e+02,1.05723000000000e+02
2.68900000000000e+00,2.31696000000000e+02,1.05723000000000e+02
2.69000000000000e+00,2.31696000000000e+02,1.05723000000000e+02
2.69100000000000e+00,2.31696000000000e+02,1.05723000000000e+02
2.69200000000000e+00,2.31696000000000e+02,1.05723000000000e+02
2.69300000000000e+00,2.31696000000000e+02,1.05723000000000e+02
2.69400000000000e+00,2.31696000000000e+02,1.05723000000000e+02
2.69500000000000e+00,2.31696000000000e+02,1.05723000000000e+02
2.69600000000000e+00,2.31695000000000e+02,1.05723000000000e+02
2.69700000000000e+00,2.31695000000000e+02,1.05723000000000e+02
2.69800000000000e+00,2.31695000000000e+02,1.05723000000000e+02
2.69900000000000e+00,2.31695000000000e+02,1.05723000000000e+02
2.70000000000000e+00,2.31695000000000e+02,1.05723000000000e+02
2.70100000000000e+00,2.31695000000000e+02,1.05723000000000e+02
2.70200000000000e+00,2.31695000000000e+02,1.05723000000000e+02
2.70300000000000e+00,2.31695000000000e+02,1.05722000000000e+02
2.70400000000000e+00,2.31695000000000e+02,1.05722000000000e+02
2.70500000000000e+00,2.31695000000000e+02,1.05722000000000e+02
2.70600000000000e+00,2.31695000000000e+02,1.05722000000000e+02
2.70700000000000e+00,2.31695000000000e+02,1.05722000000000e+02
2.70800000000000e+00,2.31695000000000e+02,1.05722000000000e+02
2.70900000000000e+00,2.31695000000000e+02,1.05722000000000e+02
2.71000000000000e+00,2.31695000000000e+02,1.05722000000000e+02
2.71100000000000e+00,2.31695000000000e+02,1.05722000000000e+02
2.71200000000000e+00,2.31695000000000e+02,1.05722000000000e+02
2.71300000000000e+00,2.31695000000000e+02,1.05722000000000e+02
2.71400000000000e+00,2.31695000000000e+02,1.05722000000000e+02
2.71500000000000e+00,2.31694000000000e+02,1.05722000000000e+02
2.71600000000000e+00,2.31694000000000e+02,1.05722000000000e+02
2.71700000000000e+00,2.31694000000000e+02,1.05722000000000e+02
2.71800000000000e+00,2.26490000000000e+02,1.00518000000000e+02
2.71900000000000e+00,2.23243000000000e+02,9.72702000000000e+01
2.72000000000000e+00,2.20876000000000e+02,9.49041000000000e+01
2.72100000000000e+00,2.19012000000000e+02,9.30401000000000e+01
2.72200000000000e+00,2.17473000000000e+02,9.15009000000000e+01
2.72300000000000e+00,2.16161000000000e+02,9.01892000000000e+01
2.72400000000000e+00,2.15018000000000e+02,8.90457000000000e+01
2.72500000000000e+00,2.14003000000000e+02,8.80318000000000e+01
2.72600000000000e+00,2.13092000000000e+02,8.71206000000000e+01
2.72700000000000e+00,2.12264000000000e+02,8.62929000000000e+01
2.72800000000000e+00,2.11506000000000e+02,8.55346000000000e+01
2.72900000000000e+00,2.10806000000000e+02,8.48345000000000e+01
2.73000000000000e+00,2.10155000000000e+02,8.41843000000000e+01
2.73100000000000e+00,2.09548000000000e+02,8.35771000000000e+01
2.73200000000000e+00,2.08978000000000e+02,8.30075000000000e+01
2.73300000000000e+00,2.08442000000000e+02,8.24709000000000e+01
2.73400000000000e+00,2.07934000000000e+02,8.19637000000000e+01
2.73500000000000e+00,2.07453000000000e+02,8.14826000000000e+01
2.73600000000000e+00,2.06995000000000e+02,8.10251000000000e+01
2.73700000000000e+00,2.06559000000000e+02,8.05888000000000e+01
2.73800000000000e+00,2.06142000000000e+02,8.01717000000000e+01
2.73900000000000e+00,2.05742000000000e+02,7.97723000000000e+01
2.74000000000000e+00,2.05359000000000e+02,7.93890000000000e+01
2.74100000000000e+00,2.04990000000000e+02,7.90204000000000e+01
2.74200000000000e+00,2.04635000000000e+02,7.86656000000000e+01
2.74300000000000e+00,2.04293000000000e+02,7.83233000000000e+01
2.74400000000000e+00,2.03962000000000e+02,7.79927000000000e+01
2.74500000000000e+00,2.03642000000000e+02,7.76730000000000e+01
2.74600000000000e+00,2.03332000000000e+02,7.73635000000000e+01
2.74700000000000e+00,2.03032000000000e+02,7.70635000000000e+01
2.74800000000000e+00,2.02741000000000e+02,7.67723000000000e+01
2.74900000000000e+00,2.02458000000000e+02,7.64895000000000e+01
2.75000000000000e+00,2.02183000000000e+02,7.62145000000000e+01
2.75100000000000e+00,2.01915000000000e+02,7.59470000000000e+01
2.75200000000000e+00,2.01654000000000e+02,7.56864000000000e+01
2.75300000000000e+00,2.01400000000000e+02,7.54324000000000e+01
2.75400000000000e+00,2.01152000000000e+02,7.51847000000000e+01
2.75500000000000e+00,2.00910000000000e+02,7.49429000000000e+01
2.75600000000000e+00,2.00674000000000e+02,7.47067000000000e+01
2.75700000000000e+00,2.00443000000000e+02,7.44758000000000e+01
2.75800000000000e+00,2.00217000000000e+02,7.42500000000000e+01
2.75900000000000e+00,1.99996000000000e+02,7.40291000000000e+01
2.76000000000000e+00,1.99780000000000e+02,7.38128000000000e+01
2.76100000000000e+00,1.99568000000000e+02,7.36010000000000e+01
2.76200000000000e+00,1.99360000000000e+02,7.33933000000000e+01
2.76300000000000e+00,1.99156000000000e+02,7.31897000000000e+01
2.76400000000000e+00,1.98956000000000e+02,7.29899000000000e+01
2.76500000000000e+00,1.98760000000000e+02,7.27939000000000e+01
2.76600000000000e+00,1.98567000000000e+02,7.26014000000000e+01
2.76700000000000e+00,1.98378000000000e+02,7.24124000000000e+01
2.76800000000000e+00,1.98192000000000e+02,7.22266000000000e+01
2.76900000000000e+00,1.98009000000000e+02,7.20440000000000e+01
2.77000000000000e+00,1.97830000000000e+02,7.18644000000000e+01
2.77100000000000e+00,1.97653000000000e+02,7.16877000000000e+01
2.77200000000000e+00,1.97479000000000e+02,7.15139000000000e+01
2.77300000000000e+00,1.97308000000000e+02,7.13428000000000e+01
2.77400000000000e+00,1.97139000000000e+02,7.11743000000000e+01
2.77500000000000e+00,1.96973000000000e+02,7.10084000000000e+01
2.77600000000000e+00,1.96809000000000e+02,7.08448000000000e+01
2.77700000000000e+00,1.96648000000000e+02,7.06837000000000e+01
2.77800000000000e+00,1.96489000000000e+02,7.05249000000000e+01
2.77900000000000e+00,1.96332000000000e+02,7.03682000000000e+01
2.78000000000000e+00,1.96177000000000e+02,7.02137000000000e+01
2.78100000000000e+00,1.96025000000000e+02,7.00613000000000e+01
2.78200000000000e+00,1.95874000000000e+02,6.99109000000000e+01
2.78300000000000e+00,1.95726000000000e+02,6.97625000000000e+01
2.78400000000000e+00,1.95579000000000e+02,6.96160000000000e+01
2.78500000000000e+00,1.95434000000000e+02,6.94712000000000e+01
2.78600000000000e+00,1.95291000000000e+02,6.93283000000000e+01
2.78700000000000e+00,1.95149000000000e+02,6.91871000000000e+01
2.78800000000000e+00,1.95010000000000e+02,6.90476000000000e+01
2.78900000000000e+00,1.94872000000000e+02,6.89097000000000e+01
2.79000000000000e+00,1.94735000000000e+02,6.87734000000000e+01
2.79100000000000e+00,1.94600000000000e+02,6.86387000000000e+01
2.79200000000000e+00,1.94467000000000e+02,6.85055000000000e+01
2.79300000000000e+00,1.94335000000000e+02,6.83737000000000e+01
2.79400000000000e+00,1.94204000000000e+02,6.82434000000000e+01
2.79500000000000e+00,1.94075000000000e+02,6.81144000000000e+01
2.79600000000000e+00,1.93948000000000e+02,6.79868000000000e+01
2.79700000000000e+00,1.93821000000000e+02,6.78606000000000e+01
2.79800000000000e+00,1.93696000000000e+02,6.77356000000000e+01
2.79900000000000e+00,1.93572000000000e+02,6.76118000000000e+01
2.80000000000000e+00,1.93449000000000e+02,6.74893000000000e+01
2.80100000000000e+00,1.93328000000000e+02,6.73680000000000e+01
2.80200000000000e+00,1.93207000000000e+02,6.72479000000000e+01
2.80300000000000e+00,1.93088000000000e+02,6.71288000000000e+01
2.80400000000000e+00,1.92970000000000e+02,6.70109000000000e+01
2.80500000000000e+00,1.92853000000000e+02,6.68941000000000e+01
2.80600000000000e+00,1.92737000000000e+02,6.67784000000000e+01
2.80700000000000e+00,1.92622000000000e+02,6.66636000000000e+01
2.80800000000000e+00,1.92508000000000e+02,6.65499000000000e+01
2.80900000000000e+00,1.92395000000000e+02,6.64372000000000e+01
2.81000000000000e+00,1.92283000000000e+02,6.63255000000000e+01
2.81100000000000e+00,1.92172000000000e+02,6.62147000000000e+01
2.81200000000000e+00,1.92062000000000e+02,6.61048000000000e+01
2.81300000000000e+00,1.91953000000000e+02,6.59958000000000e+01
2.81400000000000e+00,1.91845000000000e+02,6.58878000000000e+01
2.81500000000000e+00,1.91738000000000e+02,6.57805000000000e+01
2.81600000000000e+00,1.91631000000000e+02,6.56742000000000e+01
2.81700000000000e+00,1.91525000000000e+02,6.55687000000000e+01
2.81800000000000e+00,1.91420000000000e+02,6.54639000000000e+01
2.81900000000000e+00,1.91316000000000e+02,6.53600000000000e+01
2.82000000000000e+00,1.91213000000000e+02,6.52569000000000e+01
2.82100000000000e+00,1.91110000000000e+02,6.51545000000000e+01
2.82200000000000e+00,1.91008000000000e+02,6.50529000000000e+01
2.82300000000000e+00,1.90907000000000e+02,6.49521000000000e+01
2.82400000000000e+00,1.90807000000000e+02,6.48519000000000e+01
2.82500000000000e+00,1.90707000000000e+02,6.47525000000000e+01
2.82600000000000e+00,1.90608000000000e+02,6.46537000000000e+01
2.82700000000000e+00,1.90510000000000e+02,6.45557000000000e+01
2.82800000000000e+00,1.90412000000000e+02,6.44583000000000e+01
2.82900000000000e+00,1.90315000000000e+02,6.43615000000000e+01
2.83000000000000e+00,1.90219000000000e+02,6.42654000000000e+01
2.83100000000000e+00,1.90123000000000e+02,6.41700000000000e+01
2.83200000000000e+00,1.90028000000000e+02,6.40752000000000e+01
2.83300000000000e+00,1.89934000000000e+02,6.39809000000000e+01
2.83400000000000e+00,1.89840000000000e+02,6.38873000000000e+01
2.83500000000000e+00,1.89747000000000e+02,6.37943000000000e+01
2.83600000000000e+00,1.89654000000000e+02,6.37018000000000e+01
2.83700000000000e+00,1.89562000000000e+02,6.36099000000000e+01
2.83800000000000e+00,1.89470000000000e+02,6.35186000000000e+01
2.83900000000000e+00,1.89379000000000e+02,6.34278000000000e+01
2.84000000000000e+00,1.89289000000000e+02,6.33375000000000e+01
2.84100000000000e+00,1.89199000000000e+02,6.32478000000000e+01
2.84200000000000e+00,1.89109000000000e+02,6.31586000000000e+01
2.84300000000000e+00,1.89020000000000e+02,6.30699000000000e+01
2.84400000000000e+00,1.88932000000000e+02,6.29817000000000e+01
2.84500000000000e+00,1.88844000000000e+02,6.28940000000000e+01
2.84600000000000e+00,1.88757000000000e+02,6.28068000000000e+01
2.84700000000000e+00,1.88670000000000e+02,6.27200000000000e+01
2.84800000000000e+00,1.88583000000000e+02,6.26338000000000e+01
2.84900000000000e+00,1.88497000000000e+02,6.25480000000000e+01
2.85000000000000e+00,1.88411000000000e+02,6.24626000000000e+01
2.85100000000000e+00,1.88326000000000e+02,6.23777000000000e+01
2.85200000000000e+00,1.88242000000000e+02,6.22932000000000e+01
2.85300000000000e+00,1.88157000000000e+02,6.22092000000000e+01
2.85400000000000e+00,1.88073000000000e+02,6.21256000000000e+01
2.85500000000000e+00,1.87990000000000e+02,6.20424000000000e+01
2.85600000000000e+00,1.87907000000000e+02,6.19596000000000e+01
2.85700000000000e+00,1.87824000000000e+02,6.18773000000000e+01
2.85800000000000e+00,1.87742000000000e+02,6.17953000000000e+01
2.85900000000000e+00,1.87660000000000e+02,6.17137000000000e+01
2.86000000000000e+00,1.87579000000000e+02,6.16325000000000e+01
2.86100000000000e+00,1.87498000000000e+02,6.15517000000000e+01
2.86200000000000e+00,1.87417000000000e+02,6.14713000000000e+01
2.86300000000000e+00,1.87337000000000e+02,6.13912000000000e+01
2.86400000000000e+00,1.87257000000000e+02,6.13115000000000e+01
2.86500000000000e+00,1.87177000000000e+02,6.12322000000000e+01
2.86600000000000e+00,1.87098000000000e+02,6.11532000000000e+01
2.86700000000000e+00,1.87019000000000e+02,6.10746000000000e+01
2.86800000000000e+00,1.86940000000000e+02,6.09963000000000e+01
2.86900000000000e+00,1.86862000000000e+02,6.09183000000000e+01
2.87000000000000e+00,1.86784000000000e+02,6.08407000000000e+01
2.87100000000000e+00,1.86706000000000e+02,6.07634000000000e+01
2.87200000000000e+00,1.86629000000000e+02,6.06864000000000e+01
2.87300000000000e+00,1.86552000000000e+02,6.06098000000000e+01
2.87400000000000e+00,1.86476000000000e+02,6.05334000000000e+01
2.87500000000000e+00,1.86399000000000e+02,6.04574000000000e+01
2.87600000000000e+00,1.86323000000000e+02,6.03817000000000e+01
2.87700000000000e+00,1.86247000000000e+02,6.03062000000000e+01
2.87800000000000e+00,1.86172000000000e+02,6.02311000000000e+01
2.87900000000000e+00,1.86097000000000e+02,6.01563000000000e+01
2.88000000000000e+00,1.86022000000000e+02,6.00817000000000e+01
2.88100000000000e+00,1.85947000000000e+02,6.00074000000000e+01
2.88200000000000e+00,1.85873000000000e+02,5.99334000000000e+01
2.88300000000000e+00,1.85799000000000e+02,5.98597000000000e+01
2.88400000000000e+00,1.85725000000000e+02,5.97863000000000e+01
2.88500000000000e+00,1.85652000000000e+02,5.97131000000000e+01
2.88600000000000e+00,1.85579000000000e+02,5.96402000000000e+01
2.88700000000000e+00,1.85506000000000e+02,5.95675000000000e+01
2.88800000000000e+00,1.85433000000000e+02,5.94951000000000e+01
2.88900000000000e+00,1.85360000000000e+02,5.94230000000000e+01
2.89000000000000e+00,1.85288000000000e+02,5.93511000000000e+01
2.89100000000000e+00,1.85216000000000e+02,5.92795000000000e+01
2.89200000000000e+00,1.85144000000000e+02,5.92080000000000e+01
2.89300000000000e+00,1.85073000000000e+02,5.91369000000000e+01
2.89400000000000e+00,1.85002000000000e+02,5.90660000000000e+01
2.89500000000000e+00,1.84931000000000e+02,5.89953000000000e+01
2.89600000000000e+00,1.84860000000000e+02,5.89248000000000e+01
2.89700000000000e+00,1.84789000000000e+02,5.88546000000000e+01
2.89800000000000e+00,1.84719000000000e+02,5.87845000000000e+01
2.89900000000000e+00,1.84649000000000e+02,5.87147000000000e+01
2.90000000000000e+00,1.84579000000000e+02,5.86452000000000e+01
2.90100000000000e+00,1.84509000000000e+02,5.85758000000000e+01
2.90200000000000e+00,1.84440000000000e+02,5.85067000000000e+01
2.90300000000000e+00,1.84370000000000e+02,5.84377000000000e+01
2.90400000000000e+00,1.84301000000000e+02,5.83690000000000e+01
2.90500000000000e+00,1.84232000000000e+02,5.83004000000000e+01
2.90600000000000e+00,1.84164000000000e+02,5.82321000000000e+01
2.90700000000000e+00,1.84095000000000e+02,5.81640000000000e+01
2.90800000000000e+00,1.84027000000000e+02,5.80960000000000e+01
2.90900000000000e+00,1.83959000000000e+02,5.80283000000000e+01
2.91000000000000e+00,1.83891000000000e+02,5.79607000000000e+01
2.91100000000000e+00,1.83823000000000e+02,5.78934000000000e+01
2.91200000000000e+00,1.83755000000000e+02,5.78262000000000e+01
2.91300000000000e+00,1.83688000000000e+02,5.77592000000000e+01
2.91400000000000e+00,1.83621000000000e+02,5.76924000000000e+01
2.91500000000000e+00,1.83554000000000e+02,5.76257000000000e+01
2.91600000000000e+00,1.83487000000000e+02,5.75593000000000e+01
2.91700000000000e+00,1.83420000000000e+02,5.74930000000000e+01
2.91800000000000e+00,1.83354000000000e+02,5.74269000000000e+01
2.91900000000000e+00,1.83287000000000e+02,5.73609000000000e+01
2.92000000000000e+00,1.83221000000000e+02,5.72951000000000e+01
2.92100000000000e+00,1.83155000000000e+02,5.72295000000000e+01
2.92200000000000e+00,1.83089000000000e+02,5.71640000000000e+01
2.92300000000000e+00,1.83023000000000e+02,5.70987000000000e+01
2.92400000000000e+00,1.82958000000000e+02,5.70336000000000e+01
2.92500000000000e+00,1.82892000000000e+02,5.69686000000000e+01
2.92600000000000e+00,1.82827000000000e+02,5.69038000000000e+01
2.92700000000000e+00,1.82762000000000e+02,5.68391000000000e+01
2.92800000000000e+00,1.82697000000000e+02,5.67746000000000e+01
2.92900000000000e+00,1.82632000000000e+02,5.67102000000000e+01
2.93000000000000e+00,1.82568000000000e+02,5.66459000000000e+01
2.93100000000000e+00,1.82503000000000e+02,5.65819000000000e+01
2.93200000000000e+00,1.82439000000000e+02,5.65179000000000e+01
2.93300000000000e+00,1.82374000000000e+02,5.64541000000000e+01
2.93400000000000e+00,1.82310000000000e+02,5.63904000000000e+01
2.93500000000000e+00,1.82246000000000e+02,5.63269000000000e+01
2.93600000000000e+00,1.82182000000000e+02,5.62635000000000e+01
2.93700000000000e+00,1.82119000000000e+02,5.62002000000000e+01
2.93800000000000e+00,1.82055000000000e+02,5.61371000000000e+01
2.93900000000000e+00,1.81992000000000e+02,5.60741000000000e+01
2.94000000000000e+00,1.81928000000000e+02,5.60112000000000e+01
2.94100000000000e+00,1.81865000000000e+02,5.59484000000000e+01
2.94200000000000e+00,1.81802000000000e+02,5.58858000000000e+01
2.94300000000000e+00,1.81739000000000e+02,5.58233000000000e+01
2.94400000000000e+00,1.81676000000000e+02,5.57609000000000e+01
2.94500000000000e+00,1.81613000000000e+02,5.56986000000000e+01
2.94600000000000e+00,1.81551000000000e+02,5.56365000000000e+01
2.94700000000000e+00,1.81488000000000e+02,5.55744000000000e+01
2.94800000000000e+00,1.81426000000000e+02,5.55125000000000e+01
2.94900000000000e+00,1.81363000000000e+02,5.54507000000000e+01
2.95000000000000e+00,1.81301000000000e+02,5.53890000000000e+01
2.95100000000000e+00,1.81239000000000e+02,5.53274000000000e+01
2.95200000000000e+00,1.81177000000000e+02,5.52659000000000e+01
2.95300000000000e+00,1.81115000000000e+02,5.52046000000000e+01
2.95400000000000e+00,1.81053000000000e+02,5.51433000000000e+01
2.95500000000000e+00,1.80992000000000e+02,5.50821000000000e+01
2.95600000000000e+00,1.80930000000000e+02,5.50211000000000e+01
2.95700000000000e+00,1.80868000000000e+02,5.49601000000000e+01
2.95800000000000e+00,1.80807000000000e+02,5.48992000000000e+01
2.95900000000000e+00,1.80746000000000e+02,5.48385000000000e+01
2.96000000000000e+00,1.80684000000000e+02,5.47778000000000e+01
2.96100000000000e+00,1.80623000000000e+02,5.47172000000000e+01
2.96200000000000e+00,1.80562000000000e+02,5.46568000000000e+01
2.96300000000000e+00,1.80501000000000e+02,5.45964000000000e+01
2.96400000000000e+00,1.80440000000000e+02,5.45361000000000e+01
2.96500000000000e+00,1.80380000000000e+02,5.44759000000000e+01
2.96600000000000e+00,1.80319000000000e+02,5.44158000000000e+01
2.96700000000000e+00,1.80258000000000e+02,5.43557000000000e+01
2.96800000000000e+00,1.80198000000000e+02,5.42958000000000e+01
2.96900000000000e+00,1.80137000000000e+02,5.42359000000000e+01
2.97000000000000e+00,1.80077000000000e+02,5.41762000000000e+01
2.97100000000000e+00,1.80017000000000e+02,5.41165000000000e+01
2.97200000000000e+00,1.79957000000000e+02,5.40569000000000e+01
2.97300000000000e+00,1.79896000000000e+02,5.39973000000000e+01
2.97400000000000e+00,1.79836000000000e+02,5.39379000000000e+01
2.97500000000000e+00,1.79776000000000e+02,5.38785000000000e+01
2.97600000000000e+00,1.79716000000000e+02,5.38192000000000e+01
2.97700000000000e+00,1.79657000000000e+02,5.37600000000000e+01
2.97800000000000e+00,1.79597000000000e+02,5.37009000000000e+01
2.97900000000000e+00,1.79537000000000e+02,5.36418000000000e+01
2.98000000000000e+00,1.79477000000000e+02,5.35828000000000e+01
2.98100000000000e+00,1.79418000000000e+02,5.35239000000000e+01
2.98200000000000e+00,1.79358000000000e+02,5.34650000000000e+01
2.98300000000000e+00,1.79299000000000e+02,5.34062000000000e+01
2.98400000000000e+00,1.79239000000000e+02,5.33475000000000e+01
2.98500000000000e+00,1.79180000000000e+02,5.32888000000000e+01
2.98600000000000e+00,1.79121000000000e+02,5.32302000000000e+01
2.98700000000000e+00,1.79062000000000e+02,5.31717000000000e+01
2.98800000000000e+00,1.79002000000000e+02,5.31132000000000e+01
2.98900000000000e+00,1.78943000000000e+02,5.30548000000000e+01
2.99000000000000e+00,1.78884000000000e+02,5.29965000000000e+01
2.99100000000000e+00,1.78825000000000e+02,5.29382000000000e+01
2.99200000000000e+00,1.78766000000000e+02,5.28800000000000e+01
2.99300000000000e+00,1.78707000000000e+02,5.28218000000000e+01
2.99400000000000e+00,1.78649000000000e+02,5.27637000000000e+01
2.99500000000000e+00,1.78590000000000e+02,5.27056000000000e+01
2.99600000000000e+00,1.78531000000000e+02,5.26476000000000e+01
2.99700000000000e+00,1.78472000000000e+02,5.25897000000000e+01
2.99800000000000e+00,1.78414000000000e+02,5.25318000000000e+01
2.99900000000000e+00,1.78355000000000e+02,5.24740000000000e+01
3.00000000000000e+00,1.78296000000000e+02,5.24162000000000e+01
3.00100000000000e+00,1.78238000000000e+02,5.23584000000000e+01
3.00200000000000e+00,1.78179000000000e+02,5.23007000000000e+01
3.00300000000000e+00,1.78121000000000e+02,5.22431000000000e+01
3.00400000000000e+00,1.78063000000000e+02,5.21855000000000e+01
3.00500000000000e+00,1.78004000000000e+02,5.21279000000000e+01
3.00600000000000e+00,1.77946000000000e+02,5.20704000000000e+01
3.00700000000000e+00,1.77888000000000e+02,5.20130000000000e+01
3.00800000000000e+00,1.77829000000000e+02,5.19556000000000e+01
3.00900000000000e+00,1.77771000000000e+02,5.18982000000000e+01
3.01000000000000e+00,1.77713000000000e+02,5.18408000000000e+01
3.01100000000000e+00,1.77655000000000e+02,5.17836000000000e+01
3.01200000000000e+00,1.77597000000000e+02,5.17263000000000e+01
3.01300000000000e+00,1.77539000000000e+02,5.16691000000000e+01
3.01400000000000e+00,1.77481000000000e+02,5.16119000000000e+01
3.01500000000000e+00,1.77423000000000e+02,5.15548000000000e+01
3.01600000000000e+00,1.77365000000000e+02,5.14977000000000e+01
3.01700000000000e+00,1.77307000000000e+02,5.14406000000000e+01
3.01800000000000e+00,1.77249000000000e+02,5.13836000000000e+01
3.01900000000000e+00,1.77191000000000e+02,5.13266000000000e+01
3.02000000000000e+00,1.77133000000000e+02,5.12696000000000e+01
3.02100000000000e+00,1.77075000000000e+02,5.12127000000000e+01
3.02200000000000e+00,1.77017000000000e+02,5.11558000000000e+01
3.02300000000000e+00,1.76959000000000e+02,5.10989000000000e+01
3.02400000000000e+00,1.76902000000000e+02,5.10421000000000e+01
3.02500000000000e+00,1.76844000000000e+02,5.09852000000000e+01
3.02600000000000e+00,1.76786000000000e+02,5.09285000000000e+01
3.02700000000000e+00,1.76728000000000e+02,5.08717000000000e+01
3.02800000000000e+00,1.76671000000000e+02,5.08150000000000e+01
3.02900000000000e+00,1.76613000000000e+02,5.07583000000000e+01
3.03000000000000e+00,1.76555000000000e+02,5.07016000000000e+01
3.03100000000000e+00,1.76498000000000e+02,5.06449000000000e+01
3.03200000000000e+00,1.76440000000000e+02,5.05883000000000e+01
3.03300000000000e+00,1.76382000000000e+02,5.05317000000000e+01
3.03400000000000e+00,1.76325000000000e+02,5.04751000000000e+01
3.03500000000000e+00,1.76267000000000e+02,5.04185000000000e+01
3.03600000000000e+00,1.76209000000000e+02,5.03620000000000e+01
3.03700000000000e+00,1.76152000000000e+02,5.03055000000000e+01
3.03800000000000e+00,1.76094000000000e+02,5.02490000000000e+01
3.03900000000000e+00,1.76037000000000e+02,5.01925000000000e+01
3.04000000000000e+00,1.75979000000000e+02,5.01360000000000e+01
3.04100000000000e+00,1.75922000000000e+02,5.00795000000000e+01
3.04200000000000e+00,1.75864000000000e+02,5.00231000000000e+01
3.04300000000000e+00,1.75806000000000e+02,4.99667000000000e+01
3.04400000000000e+00,1.75749000000000e+02,4.99103000000000e+01
3.04500000000000e+00,1.75691000000000e+02,4.98539000000000e+01
3.04600000000000e+00,1.75634000000000e+02,4.97975000000000e+01
3.04700000000000e+00,1.75576000000000e+02,4.97411000000000e+01
3.04800000000000e+00,1.75519000000000e+02,4.96847000000000e+01
3.04900000000000e+00,1.75461000000000e+02,4.96284000000000e+01
3.05000000000000e+00,1.75404000000000e+02,4.95720000000000e+01
3.05100000000000e+00,1.75346000000000e+02,4.95157000000000e+01
3.05200000000000e+00,1.75288000000000e+02,4.94594000000000e+01
3.05300000000000e+00,1.75231000000000e+02,4.94031000000000e+01
3.05400000000000e+00,1.75173000000000e+02,4.93468000000000e+01
3.05500000000000e+00,1.75116000000000e+02,4.92905000000000e+01
3.05600000000000e+00,1.75058000000000e+02,4.92342000000000e+01
3.05700000000000e+00,1.75001000000000e+02,4.91779000000000e+01
3.05800000000000e+00,1.74943000000000e+02,4.91216000000000e+01
3.05900000000000e+00,1.74885000000000e+02,4.90653000000000e+01
3.06000000000000e+00,1.74828000000000e+02,4.90090000000000e+01
3.06100000000000e+00,1.74770000000000e+02,4.89528000000000e+01
3.06200000000000e+00,1.74712000000000e+02,4.88965000000000e+01
3.06300000000000e+00,1.74655000000000e+02,4.88402000000000e+01
3.06400000000000e+00,1.74597000000000e+02,4.87840000000000e+01
3.06500000000000e+00,1.74540000000000e+02,4.87277000000000e+01
3.06600000000000e+00,1.74482000000000e+02,4.86714000000000e+01
3.06700000000000e+00,1.74424000000000e+02,4.86151000000000e+01
3.06800000000000e+00,1.74366000000000e+02,4.85589000000000e+01
3.06900000000000e+00,1.74309000000000e+02,4.85026000000000e+01
3.07000000000000e+00,1.74251000000000e+02,4.84463000000000e+01
3.07100000000000e+00,1.74193000000000e+02,4.83900000000000e+01
3.07200000000000e+00,1.74135000000000e+02,4.83337000000000e+01
3.07300000000000e+00,1.74078000000000e+02,4.82774000000000e+01
3.07400000000000e+00,1.74020000000000e+02,4.82211000000000e+01
3.07500000000000e+00,1.73962000000000e+02,4.81648000000000e+01
3.07600000000000e+00,1.73904000000000e+02,4.81085000000000e+01
3.07700000000000e+00,1.73846000000000e+02,4.80522000000000e+01
3.07800000000000e+00,1.73788000000000e+02,4.79959000000000e+01
3.07900000000000e+00,1.73730000000000e+02,4.79395000000000e+01
3.08000000000000e+00,1.73672000000000e+02,4.78832000000000e+01
3.08100000000000e+00,1.73614000000000e+02,4.78268000000000e+01
3.08200000000000e+00,1.73556000000000e+02,4.77705000000000e+01
3.08300000000000e+00,1.73498000000000e+02,4.77141000000000e+01
3.08400000000000e+00,1.73440000000000e+02,4.76577000000000e+01
3.08500000000000e+00,1.73382000000000e+02,4.76013000000000e+01
3.08600000000000e+00,1.73324000000000e+02,4.75449000000000e+01
3.08700000000000e+00,1.73265000000000e+02,4.74884000000000e+01
3.08800000000000e+00,1.73207000000000e+02,4.74320000000000e+01
3.08900000000000e+00,1.73149000000000e+02,4.73755000000000e+01
3.09000000000000e+00,1.73091000000000e+02,4.73191000000000e+01
3.09100000000000e+00,1.73032000000000e+02,4.72626000000000e+01
3.09200000000000e+00,1.72974000000000e+02,4.72061000000000e+01
3.09300000000000e+00,1.72916000000000e+02,4.71496000000000e+01
3.09400000000000e+00,1.72857000000000e+02,4.70930000000000e+01
3.09500000000000e+00,1.72799000000000e+02,4.70365000000000e+01
3.09600000000000e+00,1.72740000000000e+02,4.69799000000000e+01
3.09700000000000e+00,1.72682000000000e+02,4.69233000000000e+01
3.09800000000000e+00,1.72623000000000e+02,4.68667000000000e+01
3.09900000000000e+00,1.72564000000000e+02,4.68100000000000e+01
3.10000000000000e+00,1.72506000000000e+02,4.67534000000000e+01
3.10100000000000e+00,1.72447000000000e+02,4.66967000000000e+01
3.10200000000000e+00,1.72388000000000e+02,4.66400000000000e+01
3.10300000000000e+00,1.72329000000000e+02,4.65833000000000e+01
3.10400000000000e+00,1.72271000000000e+02,4.65265000000000e+01
3.10500000000000e+00,1.72212000000000e+02,4.64698000000000e+01
3.10600000000000e+00,1.72153000000000e+02,4.64130000000000e+01
3.10700000000000e+00,1.72094000000000e+02,4.63561000000000e+01
3.10800000000000e+00,1.72035000000000e+02,4.62993000000000e+01
3.10900000000000e+00,1.71976000000000e+02,4.62424000000000e+01
3.11000000000000e+00,1.71916000000000e+02,4.61855000000000e+01
3.11100000000000e+00,1.71857000000000e+02,4.61286000000000e+01
3.11200000000000e+00,1.71798000000000e+02,4.60717000000000e+01
3.11300000000000e+00,1.71739000000000e+02,4.60147000000000e+01
3.11400000000000e+00,1.71679000000000e+02,4.59577000000000e+01
3.11500000000000e+00,1.71620000000000e+02,4.59006000000000e+01
3.11600000000000e+00,1.71560000000000e+02,4.58436000000000e+01
3.11700000000000e+00,1.71501000000000e+02,4.57865000000000e+01
3.11800000000000e+00,1.71441000000000e+02,4.57294000000000e+01
3.11900000000000e+00,1.71382000000000e+02,4.56722000000000e+01
3.12000000000000e+00,1.71322000000000e+02,4.56150000000000e+01
3.12100000000000e+00,1.71262000000000e+02,4.55578000000000e+01
3.12200000000000e+00,1.71202000000000e+02,4.55006000000000e+01
3.12300000000000e+00,1.71142000000000e+02,4.54433000000000e+01
3.12400000000000e+00,1.71082000000000e+02,4.53860000000000e+01
3.12500000000000e+00,1.71022000000000e+02,4.53286000000000e+01
3.12600000000000e+00,1.70962000000000e+02,4.52712000000000e+01
3.12700000000000e+00,1.70902000000000e+02,4.52138000000000e+01
3.12800000000000e+00,1.70842000000000e+02,4.51564000000000e+01
3.12900000000000e+00,1.70782000000000e+02,4.50989000000000e+01
3.13000000000000e+00,1.70721000000000e+02,4.50414000000000e+01
3.13100000000000e+00,1.70661000000000e+02,4.49838000000000e+01
3.13200000000000e+00,1.70600000000000e+02,4.49262000000000e+01
3.13300000000000e+00,1.70540000000000e+02,4.48686000000000e+01
3.13400000000000e+00,1.70479000000000e+02,4.48109000000000e+01
3.13500000000000e+00,1.70418000000000e+02,4.47532000000000e+01
3.13600000000000e+00,1.70358000000000e+02,4.46955000000000e+01
3.13700000000000e+00,1.70297000000000e+02,4.46377000000000e+01
3.13800000000000e+00,1.70236000000000e+02,4.45798000000000e+01
3.13900000000000e+00,1.70175000000000e+02,4.45220000000000e+01
3.14000000000000e+00,1.70114000000000e+02,4.44641000000000e+01
3.14100000000000e+00,1.70052000000000e+02,4.44061000000000e+01
3.14200000000000e+00,1.69991000000000e+02,4.43481000000000e+01
3.14300000000000e+00,1.69930000000000e+02,4.42901000000000e+01
3.14400000000000e+00,1.69868000000000e+02,4.42321000000000e+01
3.14500000000000e+00,1.69807000000000e+02,4.41739000000000e+01
3.14600000000000e+00,1.69745000000000e+02,4.41158000000000e+01
3.14700000000000e+00,1.69684000000000e+02,4.40576000000000e+01
3.14800000000000e+00,1.69622000000000e+02,4.39994000000000e+01
3.14900000000000e+00,1.69560000000000e+02,4.39411000000000e+01
3.15000000000000e+00,1.69498000000000e+02,4.38827000000000e+01
3.15100000000000e+00,1.69436000000000e+02,4.38244000000000e+01
3.15200000000000e+00,1.69374000000000e+02,4.37660000000000e+01
3.15300000000000e+00,1.69312000000000e+02,4.37075000000000e+01
3.15400000000000e+00,1.69250000000000e+02,4.36490000000000e+01
3.15500000000000e+00,1.69187000000000e+02,4.35905000000000e+01
3.15600000000000e+00,1.69125000000000e+02,4.35319000000000e+01
3.15700000000000e+00,1.69062000000000e+02,4.34732000000000e+01
3.15800000000000e+00,1.68999000000000e+02,4.34145000000000e+01
3.15900000000000e+00,1.68937000000000e+02,4.33558000000000e+01
3.16000000000000e+00,1.68874000000000e+02,4.32970000000000e+01
3.16100000000000e+00,1.68811000000000e+02,4.32382000000000e+01
3.16200000000000e+00,1.68748000000000e+02,4.31793000000000e+01
3.16300000000000e+00,1.68685000000000e+02,4.31204000000000e+01
3.16400000000000e+00,1.68621000000000e+02,4.30614000000000e+01
3.16500000000000e+00,1.68558000000000e+02,4.30024000000000e+01
3.16600000000000e+00,1.68494000000000e+02,4.29433000000000e+01
3.16700000000000e+00,1.68431000000000e+02,4.28842000000000e+01
3.16800000000000e+00,1.68367000000000e+02,4.28251000000000e+01
3.16900000000000e+00,1.68303000000000e+02,4.27658000000000e+01
3.17000000000000e+00,1.68239000000000e+02,4.27066000000000e+01
3.17100000000000e+00,1.68175000000000e+02,4.26473000000000e+01
3.17200000000000e+00,1.68111000000000e+02,4.25879000000000e+01
3.17300000000000e+00,1.68047000000000e+02,4.25285000000000e+01
3.17400000000000e+00,1.67983000000000e+02,4.24690000000000e+01
3.17500000000000e+00,1.67918000000000e+02,4.24095000000000e+01
3.17600000000000e+00,1.67854000000000e+02,4.23500000000000e+01
3.17700000000000e+00,1.67789000000000e+02,4.22903000000000e+01
3.17800000000000e+00,1.67724000000000e+02,4.22307000000000e+01
3.17900000000000e+00,1.67659000000000e+02,4.21710000000000e+01
3.18000000000000e+00,1.67594000000000e+02,4.21112000000000e+01
3.18100000000000e+00,1.67529000000000e+02,4.20514000000000e+01
3.18200000000000e+00,1.67463000000000e+02,4.19915000000000e+01
3.18300000000000e+00,1.67398000000000e+02,4.19316000000000e+01
3.18400000000000e+00,1.67332000000000e+02,4.18716000000000e+01
3.18500000000000e+00,1.67267000000000e+02,4.18116000000000e+01
3.18600000000000e+00,1.67201000000000e+02,4.17515000000000e+01
3.18700000000000e+00,1.67135000000000e+02,4.16914000000000e+01
3.18800000000000e+00,1.67069000000000e+02,4.16312000000000e+01
3.18900000000000e+00,1.67003000000000e+02,4.15710000000000e+01
3.19000000000000e+00,1.66936000000000e+02,4.15107000000000e+01
3.19100000000000e+00,1.66870000000000e+02,4.14504000000000e+01
3.19200000000000e+00,1.66803000000000e+02,4.13900000000000e+01
3.19300000000000e+00,1.66736000000000e+02,4.13296000000000e+01
3.19400000000000e+00,1.66670000000000e+02,4.12691000000000e+01
3.19500000000000e+00,1.66603000000000e+02,4.12086000000000e+01
3.19600000000000e+00,1.66535000000000e+02,4.11480000000000e+01
3.19700000000000e+00,1.66468000000000e+02,4.10874000000000e+01
3.19800000000000e+00,1.66401000000000e+02,4.10267000000000e+01
3.19900000000000e+00,1.66333000000000e+02,4.09660000000000e+01
3.20000000000000e+00,1.66265000000000e+02,4.09052000000000e+01
3.20100000000000e+00,1.66197000000000e+02,4.08444000000000e+01
3.20200000000000e+00,1.66129000000000e+02,4.07835000000000e+01
3.20300000000000e+00,1.66061000000000e+02,4.07226000000000e+01
3.20400000000000e+00,1.65993000000000e+02,4.06616000000000e+01
3.20500000000000e+00,1.65924000000000e+02,4.06005000000000e+01
3.20600000000000e+00,1.65855000000000e+02,4.05395000000000e+01
3.20700000000000e+00,1.65787000000000e+02,4.04783000000000e+01
3.20800000000000e+00,1.65718000000000e+02,4.04172000000000e+01
3.20900000000000e+00,1.65649000000000e+02,4.03559000000000e+01
3.21000000000000e+00,1.65579000000000e+02,4.02947000000000e+01
3.21100000000000e+00,1.65510000000000e+02,4.02334000000000e+01
3.21200000000000e+00,1.65440000000000e+02,4.01720000000000e+01
3.21300000000000e+00,1.65370000000000e+02,4.01106000000000e+01
3.21400000000000e+00,1.65300000000000e+02,4.00491000000000e+01
3.21500000000000e+00,1.65230000000000e+02,3.99876000000000e+01
3.21600000000000e+00,1.65160000000000e+02,3.99261000000000e+01
3.21700000000000e+00,1.65089000000000e+02,3.98645000000000e+01
3.21800000000000e+00,1.65019000000000e+02,3.98029000000000e+01
3.21900000000000e+00,1.64948000000000e+02,3.97412000000000e+01
3.22000000000000e+00,1.64877000000000e+02,3.96795000000000e+01
3.22100000000000e+00,1.64806000000000e+02,3.96177000000000e+01
3.22200000000000e+00,1.64734000000000e+02,3.95559000000000e+01
3.22300000000000e+00,1.64663000000000e+02,3.94941000000000e+01
3.22400000000000e+00,1.64591000000000e+02,3.94322000000000e+01
3.22500000000000e+00,1.64519000000000e+02,3.93703000000000e+01
3.22600000000000e+00,1.64447000000000e+02,3.93083000000000e+01
3.22700000000000e+00,1.64375000000000e+02,3.92463000000000e+01
3.22800000000000e+00,1.64302000000000e+02,3.91843000000000e+01
3.22900000000000e+00,1.64229000000000e+02,3.91222000000000e+01
3.23000000000000e+00,1.64157000000000e+02,3.90601000000000e+01
3.23100000000000e+00,1.64083000000000e+02,3.89980000000000e+01
3.23200000000000e+00,1.64010000000000e+02,3.89358000000000e+01
3.23300000000000e+00,1.63937000000000e+02,3.88736000000000e+01
3.23400000000000e+00,1.63863000000000e+02,3.88114000000000e+01
3.23500000000000e+00,1.63789000000000e+02,3.87492000000000e+01
3.23600000000000e+00,1.63715000000000e+02,3.86869000000000e+01
3.23700000000000e+00,1.63641000000000e+02,3.86246000000000e+01
3.23800000000000e+00,1.63566000000000e+02,3.85622000000000e+01
3.23900000000000e+00,1.63491000000000e+02,3.84998000000000e+01
3.24000000000000e+00,1.63416000000000e+02,3.84375000000000e+01
3.24100000000000e+00,1.63341000000000e+02,3.83750000000000e+01
3.24200000000000e+00,1.63266000000000e+02,3.83126000000000e+01
3.24300000000000e+00,1.63190000000000e+02,3.82502000000000e+01
3.24400000000000e+00,1.63114000000000e+02,3.81877000000000e+01
3.24500000000000e+00,1.63038000000000e+02,3.81252000000000e+01
3.24600000000000e+00,1.62962000000000e+02,3.80627000000000e+01
3.24700000000000e+00,1.62885000000000e+02,3.80002000000000e+01
3.24800000000000e+00,1.62809000000000e+02,3.79377000000000e+01
3.24900000000000e+00,1.62732000000000e+02,3.78751000000000e+01
3.25000000000000e+00,1.62655000000000e+02,3.78126000000000e+01
3.25100000000000e+00,1.62577000000000e+02,3.77500000000000e+01
3.25200000000000e+00,1.62499000000000e+02,3.76875000000000e+01
3.25300000000000e+00,1.62421000000000e+02,3.76249000000000e+01
3.25400000000000e+00,1.62343000000000e+02,3.75623000000000e+01
3.25500000000000e+00,1.62265000000000e+02,3.74998000000000e+01
3.25600000000000e+00,1.62186000000000e+02,3.74372000000000e+01
3.25700000000000e+00,1.62107000000000e+02,3.73746000000000e+01
3.25800000000000e+00,1.62028000000000e+02,3.73121000000000e+01
3.25900000000000e+00,1.61948000000000e+02,3.72495000000000e+01
3.26000000000000e+00,1.61869000000000e+02,3.71870000000000e+01
3.26100000000000e+00,1.61789000000000e+02,3.71245000000000e+01
3.26200000000000e+00,1.61708000000000e+02,3.70620000000000e+01
3.26300000000000e+00,1.61628000000000e+02,3.69995000000000e+01
3.26400000000000e+00,1.61547000000000e+02,3.69370000000000e+01
3.26500000000000e+00,1.61466000000000e+02,3.68746000000000e+01
3.26600000000000e+00,1.61385000000000e+02,3.68121000000000e+01
3.26700000000000e+00,1.61303000000000e+02,3.67497000000000e+01
3.26800000000000e+00,1.61221000000000e+02,3.66874000000000e+01
3.26900000000000e+00,1.61139000000000e+02,3.66250000000000e+01
3.27000000000000e+00,1.61056000000000e+02,3.65627000000000e+01
3.27100000000000e+00,1.60974000000000e+02,3.65005000000000e+01
3.27200000000000e+00,1.60891000000000e+02,3.64383000000000e+01
3.27300000000000e+00,1.60807000000000e+02,3.63761000000000e+01
3.27400000000000e+00,1.60723000000000e+02,3.63140000000000e+01
3.27500000000000e+00,1.60639000000000e+02,3.62519000000000e+01
3.27600000000000e+00,1.60555000000000e+02,3.61899000000000e+01
3.27700000000000e+00,1.60471000000000e+02,3.61279000000000e+01
3.27800000000000e+00,1.60386000000000e+02,3.60660000000000e+01
3.27900000000000e+00,1.60300000000000e+02,3.60041000000000e+01
3.28000000000000e+00,1.60215000000000e+02,3.59423000000000e+01
3.28100000000000e+00,1.60129000000000e+02,3.58806000000000e+01
3.28200000000000e+00,1.60043000000000e+02,3.58190000000000e+01
3.28300000000000e+00,1.59956000000000e+02,3.57574000000000e+01
3.28400000000000e+00,1.59869000000000e+02,3.56959000000000e+01
3.28500000000000e+00,1.59782000000000e+02,3.56345000000000e+01
3.28600000000000e+00,1.59695000000000e+02,3.55732000000000e+01
3.28700000000000e+00,1.59607000000000e+02,3.55120000000000e+01
3.28800000000000e+00,1.59519000000000e+02,3.54509000000000e+01
3.28900000000000e+00,1.59430000000000e+02,3.53899000000000e+01
3.29000000000000e+00,1.59341000000000e+02,3.53289000000000e+01
3.29100000000000e+00,1.59252000000000e+02,3.52681000000000e+01
3.29200000000000e+00,1.59162000000000e+02,3.52074000000000e+01
3.29300000000000e+00,1.59072000000000e+02,3.51468000000000e+01
3.29400000000000e+00,1.58982000000000e+02,3.50864000000000e+01
3.29500000000000e+00,1.58891000000000e+02,3.50260000000000e+01
3.29600000000000e+00,1.58800000000000e+02,3.49658000000000e+01
3.29700000000000e+00,1.58708000000000e+02,3.49057000000000e+01
3.29800000000000e+00,1.58616000000000e+02,3.48458000000000e+01
3.29900000000000e+00,1.58524000000000e+02,3.47860000000000e+01
3.30000000000000e+00,1.58431000000000e+02,3.47263000000000e+01
3.30100000000000e+00,1.58338000000000e+02,3.46668000000000e+01
3.30200000000000e+00,1.58245000000000e+02,3.46075000000000e+01
3.30300000000000e+00,1.58151000000000e+02,3.45483000000000e+01
3.30400000000000e+00,1.58057000000000e+02,3.44892000000000e+01
3.30500000000000e+00,1.57962000000000e+02,3.44304000000000e+01
3.30600000000000e+00,1.57867000000000e+02,3.43717000000000e+01
3.30700000000000e+00,1.57771000000000e+02,3.43132000000000e+01
3.30800000000000e+00,1.57675000000000e+02,3.42549000000000e+01
3.30900000000000e+00,1.57579000000000e+02,3.41968000000000e+01
3.31000000000000e+00,1.57482000000000e+02,3.41389000000000e+01
3.31100000000000e+00,1.57384000000000e+02,3.40811000000000e+01
3.31200000000000e+00,1.57286000000000e+02,3.40236000000000e+01
3.31300000000000e+00,1.57188000000000e+02,3.39663000000000e+01
3.31400000000000e+00,1.57089000000000e+02,3.39092000000000e+01
3.31500000000000e+00,1.56990000000000e+02,3.38524000000000e+01
3.31600000000000e+00,1.56891000000000e+02,3.37957000000000e+01
3.31700000000000e+00,1.56790000000000e+02,3.37393000000000e+01
3.31800000000000e+00,1.56690000000000e+02,3.36832000000000e+01
3.31900000000000e+00,1.56589000000000e+02,3.36273000000000e+01
3.32000000000000e+00,1.56487000000000e+02,3.35716000000000e+01
3.32100000000000e+00,1.56385000000000e+02,3.35162000000000e+01
3.32200000000000e+00,1.56282000000000e+02,3.34610000000000e+01
3.32300000000000e+00,1.56179000000000e+02,3.34062000000000e+01
3.32400000000000e+00,1.56075000000000e+02,3.33515000000000e+01
3.32500000000000e+00,1.55971000000000e+02,3.32972000000000e+01
3.32600000000000e+00,1.55867000000000e+02,3.32432000000000e+01
3.32700000000000e+00,1.55761000000000e+02,3.31894000000000e+01
3.32800000000000e+00,1.55655000000000e+02,3.31359000000000e+01
3.32900000000000e+00,1.55549000000000e+02,3.30828000000000e+01
3.33000000000000e+00,1.55442000000000e+02,3.30299000000000e+01
3.33100000000000e+00,1.55335000000000e+02,3.29774000000000e+01
3.33200000000000e+00,1.55226000000000e+02,3.29251000000000e+01
3.33300000000000e+00,1.55118000000000e+02,3.28732000000000e+01
3.33400000000000e+00,1.55009000000000e+02,3.28217000000000e+01
3.33500000000000e+00,1.54899000000000e+02,3.27704000000000e+01
3.33600000000000e+00,1.54788000000000e+02,3.27195000000000e+01
3.33700000000000e+00,1.54677000000000e+02,3.26690000000000e+01
3.33800000000000e+00,1.54565000000000e+02,3.26188000000000e+01
3.33900000000000e+00,1.54453000000000e+02,3.25689000000000e+01
3.34000000000000e+00,1.54340000000000e+02,3.25194000000000e+01
3.34100000000000e+00,1.54227000000000e+02,3.24703000000000e+01
3.34200000000000e+00,1.54112000000000e+02,3.24216000000000e+01
3.34300000000000e+00,1.53997000000000e+02,3.23732000000000e+01
3.34400000000000e+00,1.53882000000000e+02,3.23252000000000e+01
3.34500000000000e+00,1.53765000000000e+02,3.22776000000000e+01
3.34600000000000e+00,1.53648000000000e+02,3.22304000000000e+01
3.34700000000000e+00,1.53531000000000e+02,3.21836000000000e+01
3.34800000000000e+00,1.53412000000000e+02,3.21372000000000e+01
3.34900000000000e+00,1.53293000000000e+02,3.20912000000000e+01
3.35000000000000e+00,1.53173000000000e+02,3.20456000000000e+01
3.35100000000000e+00,1.53053000000000e+02,3.20004000000000e+01
3.35200000000000e+00,1.52932000000000e+02,3.19556000000000e+01
3.35300000000000e+00,1.52809000000000e+02,3.19113000000000e+01
3.35400000000000e+00,1.52687000000000e+02,3.18674000000000e+01
3.35500000000000e+00,1.52563000000000e+02,3.18239000000000e+01
3.35600000000000e+00,1.52438000000000e+02,3.17809000000000e+01
3.35700000000000e+00,1.52313000000000e+02,3.17383000000000e+01
3.35800000000000e+00,1.52187000000000e+02,3.16961000000000e+01
3.35900000000000e+00,1.52060000000000e+02,3.16544000000000e+01
3.36000000000000e+00,1.51933000000000e+02,3.16132000000000e+01
3.36100000000000e+00,1.51804000000000e+02,3.15724000000000e+01
3.36200000000000e+00,1.51674000000000e+02,3.15320000000000e+01
3.36300000000000e+00,1.51544000000000e+02,3.14921000000000e+01
3.36400000000000e+00,1.51413000000000e+02,3.14527000000000e+01
3.36500000000000e+00,1.51281000000000e+02,3.14138000000000e+01
3.36600000000000e+00,1.51148000000000e+02,3.13753000000000e+01
3.36700000000000e+00,1.51014000000000e+02,3.13372000000000e+01
3.36800000000000e+00,1.50879000000000e+02,3.12997000000000e+01
3.36900000000000e+00,1.50743000000000e+02,3.12626000000000e+01
3.37000000000000e+00,1.50606000000000e+02,3.12260000000000e+01
3.37100000000000e+00,1.50468000000000e+02,3.11899000000000e+01
3.37200000000000e+00,1.50329000000000e+02,3.11543000000000e+01
3.37300000000000e+00,1.50189000000000e+02,3.11191000000000e+01
3.37400000000000e+00,1.50048000000000e+02,3.10844000000000e+01
3.37500000000000e+00,1.49906000000000e+02,3.10502000000000e+01
3.37600000000000e+00,1.49763000000000e+02,3.10165000000000e+01
3.37700000000000e+00,1.49619000000000e+02,3.09833000000000e+01
3.37800000000000e+00,1.49473000000000e+02,3.09506000000000e+01
3.37900000000000e+00,1.49327000000000e+02,3.09183000000000e+01
3.38000000000000e+00,1.49179000000000e+02,3.08865000000000e+01
3.38100000000000e+00,1.49030000000000e+02,3.08552000000000e+01
3.38200000000000e+00,1.48880000000000e+02,3.08244000000000e+01
3.38300000000000e+00,1.48729000000000e+02,3.07941000000000e+01
3.38400000000000e+00,1.48577000000000e+02,3.07643000000000e+01
3.38500000000000e+00,1.48423000000000e+02,3.07349000000000e+01
3.38600000000000e+00,1.48268000000000e+02,3.07060000000000e+01
3.38700000000000e+00,1.48111000000000e+02,3.06776000000000e+01
3.38800000000000e+00,1.47954000000000e+02,3.06497000000000e+01
3.38900000000000e+00,1.47795000000000e+02,3.06222000000000e+01
3.39000000000000e+00,1.47634000000000e+02,3.05953000000000e+01
3.39100000000000e+00,1.47473000000000e+02,3.05688000000000e+01
3.39200000000000e+00,1.47309000000000e+02,3.05427000000000e+01
3.39300000000000e+00,1.47145000000000e+02,3.05172000000000e+01
3.39400000000000e+00,1.46978000000000e+02,3.04921000000000e+01
3.39500000000000e+00,1.46811000000000e+02,3.04674000000000e+01
3.39600000000000e+00,1.46642000000000e+02,3.04433000000000e+01
3.39700000000000e+00,1.46471000000000e+02,3.04195000000000e+01
3.39800000000000e+00,1.46298000000000e+02,3.03963000000000e+01
3.39900000000000e+00,1.46124000000000e+02,3.03735000000000e+01
3.40000000000000e+00,1.45948000000000e+02,3.03511000000000e+01
3.40100000000000e+00,1.45771000000000e+02,3.03292000000000e+01
3.40200000000000e+00,1.45592000000000e+02,3.03077000000000e+01
3.40300000000000e+00,1.45411000000000e+02,3.02866000000000e+01
3.40400000000000e+00,1.45228000000000e+02,3.02660000000000e+01
3.40500000000000e+00,1.45043000000000e+02,3.02458000000000e+01
3.40600000000000e+00,1.44857000000000e+02,3.02261000000000e+01
3.40700000000000e+00,1.44668000000000e+02,3.02067000000000e+01
3.40800000000000e+00,1.44478000000000e+02,3.01878000000000e+01
3.40900000000000e+00,1.44285000000000e+02,3.01692000000000e+01
3.41000000000000e+00,1.44091000000000e+02,3.01511000000000e+01
3.41100000000000e+00,1.43894000000000e+02,3.01334000000000e+01
3.41200000000000e+00,1.43695000000000e+02,3.01161000000000e+01
3.41300000000000e+00,1.43494000000000e+02,3.00992000000000e+01
3.41400000000000e+00,1.43291000000000e+02,3.00826000000000e+01
3.41500000000000e+00,1.43085000000000e+02,3.00665000000000e+01
3.41600000000000e+00,1.42877000000000e+02,3.00507000000000e+01
3.41700000000000e+00,1.42667000000000e+02,3.00353000000000e+01
3.41800000000000e+00,1.42454000000000e+02,3.00202000000000e+01
3.41900000000000e+00,1.42239000000000e+02,3.00055000000000e+01
3.42000000000000e+00,1.42021000000000e+02,2.99912000000000e+01
3.42100000000000e+00,1.41800000000000e+02,2.99772000000000e+01
3.42200000000000e+00,1.41576000000000e+02,2.99636000000000e+01
3.42300000000000e+00,1.41350000000000e+02,2.99503000000000e+01
3.42400000000000e+00,1.41121000000000e+02,2.99373000000000e+01
3.42500000000000e+00,1.40888000000000e+02,2.99246000000000e+01
3.42600000000000e+00,1.40653000000000e+02,2.99123000000000e+01
3.42700000000000e+00,1.40415000000000e+02,2.99003000000000e+01
3.42800000000000e+00,1.40173000000000e+02,2.98886000000000e+01
3.42900000000000e+00,1.39928000000000e+02,2.98772000000000e+01
3.43000000000000e+00,1.39680000000000e+02,2.98661000000000e+01
3.43100000000000e+00,1.39428000000000e+02,2.98553000000000e+01
3.43200000000000e+00,1.39172000000000e+02,2.98448000000000e+01
3.43300000000000e+00,1.38913000000000e+02,2.98346000000000e+01
3.43400000000000e+00,1.38650000000000e+02,2.98247000000000e+01
3.43500000000000e+00,1.38383000000000e+02,2.98150000000000e+01
3.43600000000000e+00,1.38111000000000e+02,2.98056000000000e+01
3.43700000000000e+00,1.37836000000000e+02,2.97964000000000e+01
3.43800000000000e+00,1.37556000000000e+02,2.97875000000000e+01
3.43900000000000e+00,1.37272000000000e+02,2.97788000000000e+01
3.44000000000000e+00,1.36983000000000e+02,2.97704000000000e+01
3.44100000000000e+00,1.36690000000000e+02,2.97623000000000e+01
3.44200000000000e+00,1.36391000000000e+02,2.97543000000000e+01
3.44300000000000e+00,1.36087000000000e+02,2.97466000000000e+01
3.44400000000000e+00,1.35778000000000e+02,2.97391000000000e+01
3.44500000000000e+00,1.35464000000000e+02,2.97318000000000e+01
3.44600000000000e+00,1.35143000000000e+02,2.97248000000000e+01
3.44700000000000e+00,1.34817000000000e+02,2.97179000000000e+01
3.44800000000000e+00,1.34485000000000e+02,2.97113000000000e+01
3.44900000000000e+00,1.34146000000000e+02,2.97048000000000e+01
3.45000000000000e+00,1.33800000000000e+02,2.96985000000000e+01
3.45100000000000e+00,1.33448000000000e+02,2.96924000000000e+01
3.45200000000000e+00,1.33088000000000e+02,2.96865000000000e+01
3.45300000000000e+00,1.32721000000000e+02,2.96808000000000e+01
3.45400000000000e+00,1.32346000000000e+02,2.96752000000000e+01
3.45500000000000e+00,1.31963000000000e+02,2.96699000000000e+01
3.45600000000000e+00,1.31572000000000e+02,2.96646000000000e+01
3.45700000000000e+00,1.31171000000000e+02,2.96596000000000e+01
3.45800000000000e+00,1.30761000000000e+02,2.96546000000000e+01
3.45900000000000e+00,1.30341000000000e+02,2.96499000000000e+01
3.46000000000000e+00,1.29911000000000e+02,2.96453000000000e+01
3.46100000000000e+00,1.29470000000000e+02,2.96408000000000e+01
3.46200000000000e+00,1.29018000000000e+02,2.96364000000000e+01
3.46300000000000e+00,1.28554000000000e+02,2.96322000000000e+01
3.46400000000000e+00,1.28077000000000e+02,2.96281000000000e+01
3.46500000000000e+00,1.27586000000000e+02,2.96242000000000e+01
3.46600000000000e+00,1.27082000000000e+02,2.96203000000000e+01
3.46700000000000e+00,1.26562000000000e+02,2.96166000000000e+01
3.46800000000000e+00,1.26027000000000e+02,2.96130000000000e+01
3.46900000000000e+00,1.25475000000000e+02,2.96095000000000e+01
3.47000000000000e+00,1.24904000000000e+02,2.96061000000000e+01
3.47100000000000e+00,1.24314000000000e+02,2.96029000000000e+01
3.47200000000000e+00,1.23704000000000e+02,2.95997000000000e+01
3.47300000000000e+00,1.23071000000000e+02,2.95966000000000e+01
3.47400000000000e+00,1.22415000000000e+02,2.95936000000000e+01
3.47500000000000e+00,1.21733000000000e+02,2.95907000000000e+01
3.47600000000000e+00,1.21023000000000e+02,2.95879000000000e+01
3.47700000000000e+00,1.20283000000000e+02,2.95852000000000e+01
3.47800000000000e+00,1.19511000000000e+02,2.95826000000000e+01
3.47900000000000e+00,1.18702000000000e+02,2.95800000000000e+01
3.48000000000000e+00,1.17854000000000e+02,2.95776000000000e+01
3.48100000000000e+00,1.16962000000000e+02,2.95752000000000e+01
3.48200000000000e+00,1.16023000000000e+02,2.95729000000000e+01
3.48300000000000e+00,1.15029000000000e+02,2.95706000000000e+01
3.48400000000000e+00,1.13976000000000e+02,2.95685000000000e+01
3.48500000000000e+00,1.12855000000000e+02,2.95664000000000e+01
3.48600000000000e+00,1.11656000000000e+02,2.95643000000000e+01
3.48700000000000e+00,1.10369000000000e+02,2.95624000000000e+01
3.48800000000000e+00,1.08978000000000e+02,2.95605000000000e+01
3.48900000000000e+00,1.07467000000000e+02,2.95586000000000e+01
3.49000000000000e+00,1.05811000000000e+02,2.95569000000000e+01
3.49100000000000e+00,1.03982000000000e+02,2.95552000000000e+01
3.49200000000000e+00,1.01937000000000e+02,2.95535000000000e+01
3.49300000000000e+00,9.96188000000000e+01,2.95519000000000e+01
3.49400000000000e+00,9.69437000000000e+01,2.95504000000000e+01
3.49500000000000e+00,9.37812000000000e+01,2.95489000000000e+01
3.49600000000000e+00,8.99137000000000e+01,2.95475000000000e+01
3.49700000000000e+00,8.49355000000000e+01,2.95462000000000e+01
3.49800000000000e+00,7.79468000000000e+01,2.95449000000000e+01
3.49900000000000e+00,6.61960000000000e+01,2.95436000000000e+01
3.50000000000000e+00,3.55634000000000e+01,2.95426000000000e+01
